-16.415,-16.249
-16.96,-15.799
-17.39,-17.549
-16.634,-16.658
-17.593,-17.967
-17.889,-17.401
-19.939,-18.617
-15.325,-16.608
-17.583,-17.273
-17.532,-17.194
-16.218,-16.489
-16.979,-16.481
-17.67,-17.748
-16.385,-16.525
-15.644,-15.373
-18.622,-16.648
-17.932,-16.74
-17.046,-17.272
-16.979,-16.471
-17.795,-18.376
-16.713,-17.01
-15.171,-15.752
-15.755,-16.05
-17.659,-18.573
-17.036,-15.767
-17.383,-17.465
-15.44,-15.109
-16.6,-17.589
-16.355,-16.201
-17.691,-18.01
-14.692,-14.888
-16.941,-17
-16.274,-17.419
-16.769,-17.581
-15.112,-15.537
-15.89,-15.97
-17.699,-17.635
-15.796,-15.597
-16.815,-17.229
-16.214,-16.189
-19.495,-19.08
-16.767,-16.402
-16.978,-16.942
-17.096,-17.699
-17.051,-17.819
-14.575,-14.638
-17.051,-16.468
-16.907,-16.694
-16.872,-17.005
-18.013,-16.705
-18.462,-18.236
-17.53,-17.588
-16.486,-16.122
-17.436,-17.269
-15.388,-15.419
-15.578,-16.427
-16.053,-17.014
-15.591,-15.57
-17.54,-17.182
-17.728,-17.46
-16.43,-16.199
-15.364,-15.74
-14.788,-15.265
-17.155,-16.731
-16.244,-16.763
-15.887,-16.81
-19.405,-19.755
-18.259,-16.763
-15.799,-16.262
-15.255,-14.836
-18.022,-17.395
-16.484,-16.497
-18.115,-17.209
-16.903,-17.524
-15.943,-16.273
-15.7,-16.649
-16.051,-16.769
-17.326,-17.959
-18.224,-18.058
-16.476,-16.896
-17.381,-16.908
-15.082,-15.208
-17.853,-17.999
-17.649,-17.99
-16.982,-16.687
-17.426,-17.115
-16.236,-16.239
-17.214,-18.189
-17.336,-16.457
-15.08,-15.652
-16.812,-17.318
-17.109,-16.687
-17.236,-17.577
-18.62,-17.818
-15.094,-15.395
-18.72,-18.541
-14.546,-14.889
-16.324,-16.32
-16.375,-15.682
-16.762,-16.258
-15.618,-15.827
-15.91,-15.997
-15.545,-16.19
-14.781,-15.286
-14.391,-14.557
-16.01,-16.363
-16.555,-16.527
-16.98,-16.916
-15.387,-15.056
-14.827,-15.044
-17.525,-17.065
-18.813,-17.698
-16.961,-17.393
-17.981,-17.34
-16.9,-16.891
-15.704,-15.567
-16.463,-16.198
-16.603,-17.111
-17.06,-16.443
-17.839,-18.069
-15.495,-15.251
-15.857,-17.037
-16.494,-15.753
-17.356,-17.175
-19.552,-17.876
-15.31,-15.133
-16.495,-16.134
-18.05,-17.303
-17.237,-17.624
-16.07,-15.791
-18.702,-18.442
-16.035,-16.408
-18.62,-17.629
-18.042,-18.457
-17.283,-17.789
-17.414,-17.388
-17.324,-17.505
-14.727,-14.608
-16.363,-16.471
-16.106,-15.117
-17.07,-17.922
-15.563,-16.433
-17.017,-16.776
-17.03,-18.095
-15.581,-15.26
-16.046,-16.128
-16.334,-16.816
-16.938,-17.134
-15.878,-17.348
-18.303,-17.404
-19.26,-19.138
-17.092,-16.333
-16.855,-17.033
-16.805,-17.644
-17.203,-17.158
-18.835,-18.113
-16.148,-16.024
-16.728,-17.221
-16.267,-15.924
-15.792,-16.513
-17.296,-17.03
-15.704,-15.902
-16.104,-16.401
-17.274,-17.432
-15.886,-15.882
-15.3,-15.691
-16.864,-17.062
-17.7,-17.505
-15.941,-16.535
-15.578,-16.109
-16.514,-15.59
-15.249,-15.482
-15.326,-15.173
-15.244,-15.207
-16.562,-16.997
-16.134,-16.746
-16.653,-15.575
-17.019,-16.406
-17.458,-16.002
-16.449,-16.813
-16.376,-16.049
-16.173,-16.728
-18.397,-17.568
-17.92,-17.467
-15.538,-15.474
-16.287,-16.383
-16.977,-15.767
-16.371,-16.24
-16.528,-17.314
-15.777,-17.266
-16.584,-16.813
-15.853,-15.616
-16.582,-15.73
-16.801,-16.928
-17.225,-16.118
-16.047,-15.364
-18.397,-18.109
-19.048,-19.395
-16.691,-15.838
-17.167,-17.209
-17.811,-17.722
-16.415,-15.511
-17.8,-17.205
-17.586,-17.327
-16.078,-17.609
-18.861,-19.391
-17.834,-17.494
-17.289,-16.983
-17.825,-17.915
-16.765,-16.798
-15.964,-17.311
-16.346,-17.156
-16.84,-16.005
-17.189,-17.428
-17.789,-18.266
-16.768,-16.462
-17.724,-16.527
-16.636,-17.807
-19.084,-20.112
-17.311,-17.329
-18.227,-16.917
-17.476,-17.488
-17.084,-16.902
-17.352,-17.566
-17.242,-17.459
-16.203,-16.407
-15.15,-15.277
-16.626,-16.566
-17.198,-16.865
-16.88,-17.295
-17.634,-17.376
-16.824,-16.979
-16.334,-16.466
-15.967,-16.285
-19.025,-18.865
-15.913,-16.248
-17.936,-16.301
-16.394,-15.959
-19.047,-18.81
-16.676,-16.635
-16.731,-16.42
-16.723,-16.162
-16.49,-17.302
-17.031,-16.495
-18.594,-17.381
-16.276,-16.388
-16.543,-16.888
-17.201,-17.594
-15.946,-15.476
-16.506,-16.496
-17.925,-18.526
-16.848,-17.411
-16.298,-16.092
-16.489,-15.649
-16.009,-16.176
-14.178,-15.646
-14.519,-14.658
-16.534,-16.608
-16.043,-17.017
-17.543,-17.53
-14.73,-14.649
-17.117,-17.185
-18.602,-18.444
-16.255,-16.352
-16.142,-16.537
-17.127,-16.868
-15.648,-14.942
-15.673,-15.909
-15.863,-15.704
-17.631,-17.797
-17.224,-16.819
-15.349,-15.712
-16.218,-16.795
-16.705,-16.629
-16.699,-16.926
-18.088,-17.555
-16.829,-16.62
-18.489,-17.247
-17.817,-18.338
-17.184,-17.551
-18.34,-17.637
-17.192,-17.471
-18.825,-17.055
-19.232,-18.934
-16.944,-17.076
-18.244,-17.661
-17.414,-17.103
-16.732,-16.947
-15.923,-16.602
-18.32,-18.584
-15.608,-15.965
-15.758,-15.835
-16.053,-15.79
-15.349,-15.814
-15.82,-16.029
-15.449,-15.165
-17.049,-17.161
-15.475,-15.385
-17.028,-16.659
-14.784,-14.928
-17.725,-17.402
-17.993,-19.697
-16.792,-16.887
-15.964,-16.509
-15.729,-16.945
-16.797,-16.865
-16.118,-15.599
-14.745,-14.821
-15.529,-16.61
-16.839,-16.353
-16.514,-16.367
-15.438,-15.808
-17.068,-16.92
-17.09,-17.101
-16.432,-16.301
-15.359,-15.396
-16.914,-16.819
-15.326,-15.262
-15.931,-15.467
-19.539,-19.746
-15.081,-15.472
-16.251,-15.54
-16.664,-16.852
-17.228,-16.446
-15.56,-15.523
-15.733,-15.673
-17.28,-16.9
-16.896,-16.896
-16.074,-16.587
-16.758,-16.983
-15.42,-16.085
-17.702,-17.646
-17.099,-17.027
-15.505,-16.064
-17.223,-17.942
-14.423,-14.406
-17.077,-17.089
-16.898,-16.207
-16.884,-16.287
-16.421,-15.669
-17.304,-16.39
-16.759,-16.882
-16.107,-16.963
-14.844,-15.07
-15.77,-15.773
-17.284,-17.091
-17.436,-16.893
-17.683,-16.571
-17.485,-16.435
-15.001,-15.465
-16.41,-16.91
-17.031,-17.363
-17.338,-16.811
-15.354,-15.508
-16.14,-16.526
-17.396,-16.514
-17.546,-17.138
-16.913,-19.361
-16.011,-15.982
-17.411,-17.143
-17.612,-17.447
-15.792,-15.879
-15.458,-16.241
-14.713,-14.777
-15.631,-15.639
-15.571,-15.483
-16.292,-15.653
-16.275,-15.892
-18.494,-17.285
-16.749,-15.934
-17.452,-17.802
-16.923,-16.724
-17.207,-16.972
-16.656,-17.269
-16.428,-16.012
-16.265,-17.161
-18.781,-18.338
-18.233,-18.547
-16.396,-16.158
-17.706,-17.204
-15.179,-15.489
-14.965,-15.195
-16.135,-16.784
-16.784,-16.483
-15.227,-15.481
-17.03,-16.568
-15.277,-14.921
-17.176,-16.993
-16.146,-16.66
-14.261,-14.19
-15.586,-15.767
-15.499,-16.482
-17.048,-18.693
-16.999,-17.118
-18.572,-17.785
-15.471,-14.997
-16.987,-17.287
-18.571,-19.775
-14.936,-14.787
-17.257,-17.24
-18.172,-18.395
-15.082,-14.956
-17.854,-16.584
-16.503,-16.321
-18.924,-18.488
-15.336,-15.482
-17.042,-17.268
-16.676,-16.148
-15.254,-15.64
-16.062,-15.131
-17.727,-18.07
-18.734,-18.476
-16.674,-17.224
-17.197,-17.18
-15.257,-15.376
-14.074,-13.983
-17.165,-16.914
-15.609,-15.612
-15.157,-14.882
-16.141,-15.571
-14.538,-15.835
-17.039,-16.675
-15.178,-15.413
-18.84,-17.61
-15.307,-15.637
-16.093,-15.893
-17.117,-17.219
-15.194,-15.434
-16.66,-15.994
-16.155,-16.562
-17.504,-17.177
-16.968,-17.136
-16.909,-18.061
-15.985,-14.883
-16.088,-15.97
-16.087,-16.183
-16.695,-17.783
-15.3,-15.136
-17.259,-16.215
-17.801,-17.468
-15.814,-16.293
-15.817,-15.774
-15.419,-15.378
-17.175,-17.196
-14.915,-14.724
-17.428,-17.514
-16.964,-17.306
-18.181,-18.125
-18.267,-17.794
-16.45,-15.599
-16.707,-17.148
-16.319,-16.13
-19.943,-19.528
-17.24,-15.955
-16.109,-15.805
-15.196,-15.561
-16.395,-16.545
-15.148,-15.923
-15.785,-15.361
-15.855,-15.886
-17.319,-17.7
-16.646,-17.577
-16.665,-17.18
-15.999,-16.146
-16.507,-17.145
-15.616,-15.809
-17.29,-17.9
-17.552,-17.323
-18.615,-16.754
-16.188,-17.515
-18.44,-17.911
-18.17,-17.022
-15.43,-15.18
-17.382,-17.648
-16.056,-16.03
-17.727,-18.39
-19.696,-17.958
-16.015,-17.143
-15.265,-14.912
-16.52,-16.801
-16.461,-17.073
-17.424,-17.441
-15.41,-15.072
-16.065,-17.092
-18.677,-17.253
-16.877,-18.113
-15.941,-15.698
-16.57,-16.822
-16.806,-16.973
-14.737,-14.745
-15.674,-16.911
-17.551,-17.69
-16.547,-17.605
-17.024,-15.634
-17.081,-17.057
-16.64,-17.866
-19.292,-17.973
-16.816,-17.242
-17.253,-17.352
-15.988,-16.177
-15.718,-15.61
-14.174,-14.127
-17.349,-18.269
-16.575,-17.195
-18.058,-17.715
-16.643,-15.782
-17.147,-17.663
-19.838,-17.649
-17.597,-17.209
-16.371,-16.186
-16.732,-15.97
-17.275,-17.095
-15.762,-16.516
-18.713,-17.491
-15.65,-15.972
-14.989,-15.268
-14.351,-15.057
-15.553,-15.982
-16.02,-16.201
-16.48,-16.004
-16.95,-17.581
-18.049,-18.115
-16.207,-16.614
-18.86,-17.723
-15.278,-15.219
-17.299,-16.575
-16.101,-16.974
-15.593,-15.92
-18.653,-18.606
-16.737,-17.562
-17.97,-18.663
-19.588,-18.621
-15.952,-15.939
-15.84,-15.851
-17.159,-16.247
-16.23,-16.131
-17.792,-17.315
-18.831,-18.533
-16.769,-16.549
-17.349,-16.375
-16.578,-16.308
-16.741,-17.529
-17.278,-16.473
-16.758,-16.856
-15.074,-14.963
-15.964,-16.183
-18.35,-17.526
-17.722,-17.754
-17.31,-17.898
-16.172,-15.471
-16.487,-15.755
-16.859,-16.879
-16.763,-15.797
-19.831,-19.287
-16.627,-15.868
-16.441,-16.076
-14.977,-15.178
-17.287,-17.496
-16.313,-16.096
-16.945,-16.906
-15.86,-16.537
-15.814,-16.133
-16.931,-16.64
-15.639,-15.102
-15.436,-15.322
-18.227,-18.447
-15.384,-15.751
-16.83,-17.707
-16.787,-17.001
-16.988,-15.744
-16.957,-16.084
-17.316,-17.65
-17.125,-17.595
-17.729,-18.04
-16.49,-15.748
-16.822,-17.053
-17.275,-17.924
-18.323,-18.519
-16.459,-16.18
-16.212,-17.35
-18.128,-18.428
-16.259,-15.892
-15.355,-15.417
-15.42,-15.266
-16.815,-15.928
-17.198,-17.404
-17.198,-17.398
-16.365,-16.628
-18.049,-16.788
-17.165,-17.333
-17.285,-17.267
-17.356,-17.471
-18.545,-17.967
-16.476,-16.75
-14.319,-14.224
-18.432,-18.302
-15.259,-15.491
-18.267,-16.925
-18.631,-17.039
-15.98,-15.779
-16.542,-15.786
-15.691,-16.323
-16.002,-16.338
-17.178,-18.111
-15.545,-16.172
-18.13,-18.416
-14.733,-15.473
-16.852,-16.738
-18.178,-17.731
-17.695,-16.93
-15.388,-15.327
-16.765,-16.972
-16.651,-16.633
-16.314,-16.516
-14.778,-14.937
-16.712,-17.339
-15.492,-16.033
-16.077,-15.796
-18.091,-18.192
-18.068,-17.675
-15.195,-15.153
-15.368,-15.335
-15.377,-15.012
-18.047,-18.762
-17.37,-17.44
-15.469,-15.218
-17.999,-18.044
-17.892,-18.395
-17.442,-17.49
-15.24,-15.12
-15.851,-16.672
-15.595,-15.836
-15.477,-15.467
-17.899,-17.854
-17.585,-17.86
-17.358,-17.224
-16.645,-16.314
-16.187,-16.395
-17.339,-17.654
-16.803,-16.204
-17.433,-17.359
-17.443,-16.239
-16.641,-17.375
-15.052,-15.466
-16.491,-16.457
-17.777,-17.273
-17.921,-18.738
-20.12,-19.455
-17.005,-17.458
-17.644,-17.904
-17.072,-16.848
-16.429,-16.447
-17.035,-17.657
-15.296,-15.199
-15.68,-15.124
-17.04,-17.407
-16.86,-16.935
-16.786,-16.805
-15.427,-15.845
-14.545,-14.552
-15.888,-15.602
-17.604,-17.774
-15.973,-16.043
-17.468,-17.223
-16.824,-16.711
-16.107,-16.769
-17.884,-19.485
-16.9,-17.83
-16.431,-16.202
-16.676,-17.879
-17.892,-17.84
-16.409,-17.044
-18.772,-17.698
-16.624,-15.934
-17.385,-17.821
-17.044,-16.211
-16.193,-16.433
-18.046,-17.067
-17.438,-16.947
-18.279,-17.745
-15.772,-15.988
-17.695,-17.36
-17.225,-16.275
-19.693,-18.645
-15.158,-15.224
-17.132,-16.752
-17.277,-16.809
-19.051,-18.326
-15.951,-17.236
-16.27,-17.407
-18.841,-16.803
-15.489,-15.445
-14.588,-14.08
-16.569,-16.639
-17.744,-17.425
-15.526,-15.735
-17.462,-18.019
-16.652,-16.506
-17.119,-18.462
-18.04,-18.306
-16.956,-16.638
-14.397,-14.352
-16.573,-16.337
-17.8,-17.733
-17.503,-17.409
-17.046,-17.067
-16.767,-16.331
-17.346,-17.07
-16.059,-16.122
-18.383,-17.957
-14.883,-14.978
-18.16,-17.051
-17.19,-17.002
-17.205,-17.397
-15.892,-15.883
-16.998,-17.301
-15.673,-16.459
-16.193,-16.244
-16.473,-15.326
-16.738,-17.626
-18.42,-17.388
-16.993,-16.738
-17.718,-17.762
-16.743,-17.115
-15.39,-15.75
-15.584,-15.572
-18.168,-18.493
-17.659,-16.841
-17.371,-17.351
-16.31,-16.608
-15.869,-15.454
-16.201,-16.77
-17.951,-17.193
-15.422,-16.187
-16.639,-16.339
-16.964,-16.685
-14.941,-15.196
-15.463,-15.558
-17.474,-18.229
-17.199,-16.378
-15.838,-15.76
-16.675,-16.267
-17.027,-17.214
-17.455,-17.149
-19.217,-18.14
-16.771,-16.135
-16.33,-16.126
-16.746,-16.443
-17.068,-16.905
-16.286,-15.938
-19.763,-18.823
-17.819,-19.547
-16.874,-15.811
-16.048,-16.037
-16.054,-16.664
-16.64,-16.507
-17.733,-16.92
-17.104,-17.402
-17.586,-17.216
-15.788,-15.933
-15.494,-15.773
-16.268,-16.492
-14.89,-15.088
-15.437,-16.405
-16.055,-16.12
-15.791,-16.019
-16.438,-15.965
-16.234,-16.743
-17.802,-17.248
-16.763,-16.247
-18.156,-17.611
-17.126,-17.406
-16.355,-17.661
-17.563,-16.731
-16.953,-16.99
-16.764,-16.761
-14.562,-14.009
-16.961,-16.751
-16.245,-16.464
-16.714,-16.971
-16.121,-17.153
-16.318,-16.553
-18.152,-17.593
-17.454,-17.275
-16.4,-16.067
-15.732,-15.811
-15.38,-15.127
-17.255,-17.9
-17.201,-17.512
-15.429,-16.258
-17.012,-16.767
-17.967,-17.783
-15.658,-15.799
-16.316,-16.606
-16.589,-16.065
-17.255,-17.711
-16.692,-16.739
-17.664,-18.91
-16.511,-15.973
-17.461,-17.305
-15.924,-15.821
-17.838,-16.572
-17.656,-18.329
-19.649,-18.862
-16.142,-16.252
-16.084,-15.401
-18.161,-18.593
-15.863,-15.846
-16.867,-16.713
-18.302,-17.723
-16.106,-15.863
-16.113,-16.559
-18.023,-18.479
-15.785,-15.438
-15.966,-15.852
-15.171,-14.696
-16.687,-16.861
-16.121,-15.656
-16.844,-16.898
-17.233,-17.33
-15.255,-15.472
-16.878,-17.348
-16.149,-16.53
-17.086,-17.78
-16.845,-16.995
-15.726,-15.617
-16.615,-16.921
-19.766,-19.297
-16.699,-17.664
-15.936,-15.703
-17.165,-16.668
-15.244,-14.731
-14.841,-15.135
-17.2,-16.985
-16.539,-15.69
-16.888,-17.109
-17.193,-17.305
-17.202,-17.152
-15.792,-15.177
-15.973,-15.729
-15.385,-15.209
-17.883,-18.121
-16.476,-17.661
-17.3,-17.059
-17.31,-17.571
-16.995,-16.916
-17.061,-17.493
-16.373,-15.826
-16.977,-17.279
-16.845,-17
-16.713,-16.616
-18.196,-18.253
-15.792,-16.399
-16.983,-17.013
-17.105,-16.772
-15.461,-15.643
-16.709,-16.37
-16.681,-15.929
-14.896,-15.181
-16.255,-16.582
-14.578,-14.804
-16.404,-16.872
-18.058,-17.306
-16.652,-16.731
-15.886,-16.856
-18.422,-19.32
-16.988,-16.876
-18.089,-17.586
-17.075,-17.32
-16.988,-16.889
-16.923,-17.203
-16.5,-17.736
-17.45,-17.374
-16.923,-16.936
-15.304,-15.481
-16.794,-17.246
-16.309,-15.48
-17.233,-16.735
-15.463,-15.974
-17.676,-17.481
-16.085,-15.301
-15.497,-15.893
-16.208,-16.317
-16.59,-16.205
-16.48,-16.505
-17.554,-17.178
-17.006,-16.699
-17.387,-16.758
-16.561,-16.698
-16.814,-16.17
-16.083,-16.144
-16.852,-17.002
-14.95,-15.559
-17.195,-17.526
-18.787,-18.445
-16.971,-16.937
-15.203,-15.459
-16.546,-16.164
-16.08,-17.306
-17.999,-18.541
-16.721,-16.525
-18.314,-17.698
-17.178,-16.394
-18.632,-18.444
-17.999,-17.753
-17.986,-17.482
-17.683,-17.986
-16.499,-16.353
-16.031,-15.628
-16.679,-17.263
-17.361,-17.517
-16.851,-15.936
-15.486,-15.585
-16.018,-16.378
-16.655,-17.035
-17.382,-17.558
-17.472,-17.142
-16.505,-17.513
-16.911,-17.019
-14.874,-15.076
-17.846,-18.063
-17.136,-16.591
-15.771,-16.142
-15.337,-15.196
-15.741,-15.473
-15.94,-16.048
-15.681,-15.906
-17.378,-17.312
-16.407,-17.072
-16.371,-15.278
-16.518,-16.804
-16.636,-17.073
-15.701,-15.278
-16.877,-16.934
-17.723,-17.924
-17.321,-17.565
-15.627,-14.59
-17.069,-17.02
-16.904,-15.955
-17.021,-18.041
-15.439,-15.428
-15.996,-17.04
-16.958,-16.952
-16.96,-15.562
-16.951,-16.835
-15.084,-15.123
-16.898,-15.363
-15.765,-16.017
-16.658,-17.231
-17.483,-16.942
-17.748,-18.05
-16.078,-16.656
-16.255,-15.875
-16.989,-17.208
-17,-17.378
-14.737,-14.815
-16.631,-16.263
-15.503,-16.295
-16.763,-16.341
-16.403,-16.711
-15.404,-15.506
-16.704,-15.532
-16.723,-16.569
-16.535,-15.952
-17.505,-17.778
-14.22,-14.184
-16.252,-16.516
-15.374,-15.451
-17.497,-17.591
-15.155,-15.252
-15.217,-15.532
-17.406,-17.209
-18.14,-17.844
-16.825,-16.21
-17.055,-17.201
-18.057,-17.686
-17.626,-17.965
-17.854,-18.218
-17.354,-17.346
-16.421,-16.38
-15.649,-16.066
-16.595,-16.925
-17.704,-17.57
-17.255,-15.883
-19.407,-18.109
-14.988,-15.129
-17.089,-17.041
-16.239,-15.747
-16.414,-16.228
-17.321,-17.815
-17.632,-17.536
-15.867,-15.517
-16.757,-18.315
-17.159,-16.714
-16.851,-16.819
-14.781,-14.793
-16.544,-17.323
-20.171,-19.726
-14.076,-14.4
-18.529,-16.873
-16.023,-17.402
-16.295,-17.036
-17.22,-16.947
-16.011,-15.678
-18.28,-17.779
-16.14,-16.705
-14.924,-15.291
-16.498,-16.857
-15.712,-15.91
-16.41,-16.464
-17.346,-16.741
-16.357,-16.635
-17.232,-17.523
-17.064,-16.973
-16.851,-15.884
-16.782,-17.937
-17.097,-16.949
-16.949,-16.298
-17.427,-17.628
-16.549,-16.77
-18.446,-18.948
-17.017,-17.141
-17.86,-17.546
-17.02,-17.243
-17.531,-17.502
-16.757,-16.693
-17.575,-17.347
-16.57,-16.59
-18.328,-17.725
-15.997,-15.224
-15.872,-16.889
-16.487,-16.825
-17.077,-18.043
-17.726,-17.742
-18.118,-17.09
-17.464,-16.723
-15.7,-15.791
-16.995,-17.536
-17.553,-17.171
-16.734,-18.105
-15.694,-17.413
-14.945,-15.491
-15.663,-15.98
-17.14,-16.632
-18.394,-17.231
-18.081,-19.55
-16.913,-17.02
-15.882,-15.443
-18.768,-16.997
-17.054,-16.935
-15.884,-15.275
-17.538,-17.719
-15.105,-15.177
-17.571,-18.262
-17.298,-17.65
-17.434,-16.993
-16.376,-16.9
-17.699,-17.473
-15.193,-15.381
-15.535,-16.715
-15.205,-15.438
-18.298,-17.783
-17.921,-19.278
-15.625,-16.009
-17.818,-17.755
-16.54,-16.635
-17.707,-17.702
-17.082,-17.215
-18.432,-19.844
-15.091,-14.748
-15.353,-15.535
-17.968,-18.112
-14.793,-14.892
-15.882,-15.778
-16.223,-16.526
-16.876,-16.262
-17.077,-17.157
-17.607,-17.567
-16.929,-17.049
-17.267,-16.684
-17.881,-18.322
-16.654,-16.859
-15.247,-14.969
-16.545,-16.821
-16.671,-17.714
-16.318,-16.049
-15.452,-15.539
-16.221,-15.652
-16.377,-15.742
-17.116,-16.982
-17.336,-17.009
-17.685,-16.524
-15.831,-15.723
-16.797,-17.622
-17.109,-17.891
-14.925,-14.938
-17.479,-17.13
-17.807,-17.624
-16.453,-16.276
-16.384,-16.626
-16.489,-16.447
-17.597,-18.575
-18.428,-19.25
-17.012,-16.426
-16.566,-16.052
-17.739,-16.425
-15.574,-15.657
-17.7,-17.364
-17.671,-17.485
-17.872,-18.144
-18.28,-18.824
-17.558,-16.103
-17.758,-18.947
-16.462,-16.291
-16.758,-16.414
-17.889,-17.829
-16.641,-16.827
-16.69,-16.61
-16.302,-15.856
-19.503,-19.064
-16.995,-18.53
-16.312,-17.467
-17.489,-17.049
-15.269,-15.211
-18.227,-17.586
-17.974,-17.541
-15.876,-16.066
-16.979,-16.868
-15.322,-14.825
-17.353,-17.483
-17.425,-16.841
-18.228,-18.55
-16.8,-16.601
-17.787,-16.629
-17.294,-18.33
-18.494,-18.989
-16.756,-16.837
-17.42,-16.813
-15.611,-15.925
-16.301,-16.119
-15.385,-15.936
-15.264,-15.346
-18.712,-17.319
-16.194,-15.819
-16.102,-16.298
-16.009,-15.704
-17.625,-17.388
-16.781,-16.995
-16.418,-16.199
-17.088,-17.236
-17.497,-17.312
-17.242,-17.399
-16.249,-16.353
-16.515,-16.352
-16.364,-16.462
-16.791,-18.63
-16.545,-16.635
-17.101,-17.485
-15.451,-15.623
-15.555,-15.645
-15.651,-15.754
-16.254,-15.455
-17.768,-17.281
-17.867,-18.476
-15.924,-15.866
-17.435,-17.408
-16.931,-15.985
-17.029,-16.734
-18.453,-19.165
-17.255,-17.302
-17.773,-17.258
-15.732,-17.005
-17.087,-17.438
-17.436,-17.446
-18.188,-17.718
-15.739,-16.783
-17.407,-16.876
-14.806,-14.74
-16.667,-16.554
-17.435,-16.5
-16.966,-17.224
-17.95,-17.944
-15.724,-16.464
-17.702,-17.353
-14.516,-14.683
-16.751,-16.704
-17.47,-17.659
-16.633,-16.631
-16.888,-17.258
-16.234,-16.379
-16.018,-17.354
-18.04,-17.126
-16.519,-17.195
-17.263,-17.899
-16.355,-16.544
-17.352,-17.347
-16.72,-17.049
-17.623,-17.31
-17.012,-15.724
-18.042,-19.621
-16.46,-16.004
-17.855,-17.611
-17.125,-17.29
-17.015,-16.058
-15.353,-16.051
-17.55,-17.289
-18.2,-19.03
-17.394,-17.939
-17.678,-16.904
-17.947,-17.489
-17.818,-17.178
-19.373,-18.007
-16.711,-16.457
-18.095,-19.035
-16.639,-16.98
-17.444,-17.735
-15.613,-15.985
-17.686,-16.721
-16.638,-17.378
-19.618,-17.991
-16.763,-16.879
-15.818,-17.081
-17.548,-17.673
-15.843,-15.531
-16.741,-16.645
-16.062,-16.276
-16.944,-17.26
-17.317,-17.082
-15.533,-15.835
-14.811,-14.878
-17.619,-17.465
-16.764,-16.822
-15.842,-15.742
-16.483,-17.239
-16.3,-17.333
-16.225,-15.879
-16.692,-16.868
-16.999,-16.969
-16.796,-16.652
-17.482,-16.303
-16.32,-16.355
-16.313,-16.13
-16.449,-16.513
-17.146,-17.26
-16.873,-16.107
-17.379,-17.925
-15.123,-15.155
-17.182,-17.378
-18.804,-17.437
-16.787,-17.905
-17.78,-17.707
-15.42,-15.039
-16.099,-16.206
-15.927,-16.972
-16.643,-16.563
-15.584,-15.522
-14.988,-14.73
-17.19,-16.719
-17.333,-17.147
-17.463,-16.876
-17.506,-17.468
-18.337,-17.257
-15.982,-16.651
-16.957,-16.942
-15.062,-14.813
-15.207,-15.93
-17.607,-17.512
-16.149,-15.888
-15.147,-15.614
-17.807,-17.334
-17.454,-17.909
-17.457,-17.492
-15.502,-16.052
-17.738,-16.186
-16.596,-16.596
-16.358,-17.342
-18.971,-19.045
-14.829,-15.131
-18.459,-17.512
-17.625,-17.201
-16.36,-16.092
-17.693,-18.913
-17.645,-17.381
-15.729,-15.148
-18.733,-18.362
-17.513,-17.218
-16.689,-16.667
-17.609,-17.92
-16.796,-17.124
-18.49,-17.836
-19.251,-17.945
-16.373,-16.58
-16.803,-16.415
-17.373,-17.273
-15.822,-15.473
-15.924,-15.821
-17.386,-15.716
-17.443,-17.449
-17.276,-17.564
-16.102,-15.634
-16.743,-15.674
-17.653,-18.231
-16.938,-16.085
-16.921,-17.102
-18.258,-17.729
-18.285,-16.703
-18.561,-17.364
-17.747,-18.835
-15.157,-15.205
-17.918,-17.282
-17.843,-16.506
-15.818,-16.226
-15.826,-16.476
-16.477,-16.868
-15.514,-15.488
-14.904,-14.759
-16.043,-16.567
-16.274,-16.66
-17.103,-16.717
-17.159,-16.956
-16.131,-16.297
-18.087,-17.841
-17.006,-16.417
-16.471,-17.983
-15.752,-15.304
-16.384,-16.573
-15.452,-15.594
-18.219,-17.531
-15.934,-15.555
-17.997,-17.801
-18.522,-18.316
-17.377,-17.259
-16.552,-15.704
-18.273,-19.336
-17.364,-16.19
-15.576,-15.735
-16.929,-15.961
-15.21,-15.338
-17.808,-17.589
-16.374,-16.05
-17.368,-16.844
-17.31,-17.568
-15.299,-15.362
-17.056,-17.718
-17.391,-16.681
-16.589,-17.049
-17.129,-17.591
-16.32,-17.453
-16.252,-15.945
-16.721,-17.922
-17.527,-17.969
-17.566,-17.489
-16.057,-16.44
-16.864,-16.995
-16.752,-16.27
-16.428,-16.939
-16.822,-16.462
-16.191,-15.831
-15.54,-15.448
-18.123,-17.639
-16.252,-15.968
-17.886,-18.167
-15.757,-15.709
-16.881,-17.017
-17.023,-16.802
-15.745,-15.609
-17.193,-17.324
-15.173,-15.292
-18.035,-17.862
-15.964,-16.267
-16.816,-16.506
-17.181,-17.325
-18.029,-16.984
-15.823,-15.729
-15.703,-15.7
-15.201,-15.078
-17.884,-16.887
-15.686,-15.862
-17.292,-17.87
-15.865,-15.322
-18.883,-17.594
-17.474,-17.485
-15.924,-15.454
-14.793,-14.758
-15.496,-15.075
-16.518,-16.298
-17.177,-17.117
-16.209,-16.674
-17.404,-17.605
-16.431,-16.734
-17.436,-17.265
-18.051,-17.91
-17.254,-16.72
-16.772,-17.091
-17.466,-16.961
-16.698,-16.677
-18.462,-19.414
-15.047,-14.956
-15.777,-15.755
-20.938,-20.592
-16.283,-16.123
-16.794,-16.141
-17.699,-16.006
-16.616,-16.478
-16.447,-16.723
-16.725,-15.794
-16.064,-17.11
-18.293,-19.701
-16.013,-16.693
-16.948,-17.462
-17.088,-16.447
-17.069,-17.972
-16.861,-16.917
-17.072,-18.271
-16.37,-16.052
-16.551,-17.117
-18.554,-18.63
-16.605,-16.524
-19.417,-18.933
-19.215,-19.453
-16.006,-15.756
-16.501,-16.502
-17.581,-16.322
-16.676,-15.913
-15.911,-15.667
-16.117,-16.121
-16.752,-17.154
-15.323,-14.992
-16.563,-16.223
-17.963,-18.106
-16.071,-17.149
-16.776,-15.79
-17.08,-16.894
-16.724,-17.241
-15.55,-15.26
-14.639,-15.189
-15.913,-16.568
-15.702,-15.672
-17.378,-17.342
-16.468,-16.458
-16.646,-15.565
-15.89,-16.117
-16.719,-17.327
-14.992,-15.208
-14.725,-14.236
-16.905,-15.777
-18.046,-16.27
-16.102,-17.082
-16.59,-17.457
-17.173,-17.503
-17.547,-17.185
-15.435,-14.968
-16.361,-16.497
-17.535,-18.419
-16.735,-16.006
-17.24,-17.045
-16.828,-16.534
-16.335,-15.866
-16.853,-17.506
-16.849,-17.665
-16.299,-16.055
-18.296,-18.094
-16.668,-16.184
-18.527,-17.886
-17.341,-17.535
-17.834,-17.642
-16.796,-16.64
-15.45,-15.344
-15.981,-15.68
-17.1,-16.711
-17.833,-17.422
-16.752,-16.049
-17.713,-17.623
-15.886,-17.296
-16.456,-16.584
-17.919,-17.642
-15.736,-16.075
-16.22,-16.413
-17.412,-17.304
-16.521,-15.874
-15.239,-15.146
-13.798,-13.956
-17.222,-17.224
-17.173,-17.27
-16.503,-16.315
-16.484,-15.854
-18.109,-18.321
-14.437,-14.594
-16.914,-17.263
-16.446,-16.669
-16.25,-16.213
-16.592,-16.942
-16.743,-15.72
-17.139,-17.279
-15.398,-16.145
-17.308,-17.591
-16.204,-17.319
-17.277,-16.531
-15.671,-15.158
-16.544,-17.073
-16.506,-15.933
-18.619,-19.402
-16.062,-16.181
-16.902,-16.699
-18.941,-18.244
-14.107,-14.456
-14.74,-14.942
-15.839,-16.186
-16.81,-16.535
-16.983,-17.297
-17.783,-17.093
-16.35,-16.305
-15.609,-15.29
-17.767,-17.996
-17.205,-17.449
-16.166,-15.875
-17.384,-17.254
-17.302,-16.979
-16.729,-16.857
-18.219,-18.388
-16.888,-16.456
-16.793,-16.356
-16.132,-16.407
-16.637,-16.259
-15.031,-15.206
-16.329,-16.407
-18.391,-18.129
-16.178,-16.327
-15.88,-16.209
-17.081,-17.105
-18.12,-17.447
-17.456,-16.866
-16.997,-15.811
-16.184,-15.81
-16.074,-15.3
-16.592,-16.222
-16.095,-16.378
-18.684,-19.315
-16.737,-16.753
-17.022,-16.95
-16.977,-17.223
-18.357,-18.249
-17.349,-17.753
-17.837,-17.547
-15.68,-15.771
-17.634,-18.117
-15.154,-14.909
-15.412,-15.202
-17.339,-17.692
-17.563,-17.112
-18.399,-18.049
-17.281,-17.3
-17.03,-17.406
-18.22,-18.132
-17.38,-17.416
-16.783,-17.753
-16.915,-17.304
-17.05,-17.098
-14.201,-14.01
-16.949,-17.155
-15.283,-15.574
-17.164,-17.411
-17.458,-16.48
-15.974,-16.329
-16.655,-17.077
-17.166,-17.272
-14.13,-14.011
-16.415,-16.269
-17.239,-17.333
-16.504,-16.763
-14.691,-14.618
-14.875,-14.949
-16.21,-16.056
-16.301,-16.286
-16.167,-15.563
-16.38,-16.835
-17.392,-17.705
-17.855,-17.495
-19.198,-18.766
-16.652,-16.446
-17.658,-17.436
-16.8,-16.575
-15.014,-15.802
-16.188,-15.99
-15.379,-15.428
-17.058,-17.004
-16.678,-16.903
-16.622,-16.84
-17.261,-17.743
-16.794,-16.944
-17.168,-17.241
-17.92,-18.003
-16.08,-16.671
-17.339,-16.879
-15.552,-15.906
-18.362,-18.076
-17.346,-17.52
-18.115,-17.99
-16.807,-17.394
-17.34,-16.727
-20.129,-19.056
-15.305,-15.949
-16.572,-17.743
-17.002,-17.199
-16.24,-16.699
-17.061,-16.959
-17.551,-17.974
-16.039,-16.416
-17.204,-17.1
-17.487,-17.243
-16.68,-16.18
-15.774,-16.067
-16.176,-16.382
-16.392,-16.242
-16.709,-16.976
-17.519,-17.924
-16.761,-16.812
-17.338,-17.732
-19.569,-19.99
-16.345,-16.146
-17.079,-17.059
-15.376,-15.866
-15.503,-15.428
-17.82,-17.407
-15.878,-17.118
-16.698,-16.108
-15.41,-15.96
-17.324,-17.057
-16.972,-16.979
-15.381,-15.071
-16.514,-16.589
-16.025,-16.667
-17.432,-17.688
-16.282,-17.347
-17.485,-16.99
-17.803,-17.35
-16.629,-16.971
-16.924,-16.832
-17.524,-17.215
-16.018,-16.796
-16.809,-18.362
-16.506,-16.277
-14.869,-14.62
-18.683,-17.726
-17.313,-17.161
-17.586,-17.544
-16.167,-16.44
-16.218,-16.076
-17.76,-17.105
-16.788,-16.849
-17.388,-17.717
-15.49,-15.138
-17.01,-17.477
-19.43,-18.847
-16.555,-17.005
-17.788,-17.326
-16.767,-15.953
-16.481,-16.09
-14.693,-14.902
-17.455,-17.974
-17.099,-16.811
-18.836,-18.145
-16.607,-16.631
-17.31,-17.525
-16.433,-16.521
-15.288,-15.466
-17.722,-18.213
-17.915,-17.783
-17.861,-17.939
-17.477,-16.775
-16.215,-16.399
-18.04,-17.92
-16.644,-17.237
-17.339,-17.2
-16.222,-16.393
-17.196,-18.366
-16.706,-16.952
-18.985,-18.199
-19.02,-18.261
-17.212,-16.994
-16.785,-16.102
-16.428,-17.524
-15.26,-15.464
-16.478,-17.206
-16.902,-16.855
-17.251,-17.239
-16.926,-16.48
-17.058,-17.046
-16.774,-16.942
-16.664,-16.322
-18.096,-18.282
-17.541,-16.268
-17.588,-16.739
-16.812,-16.023
-17.99,-17.792
-15.298,-15.228
-16.489,-15.644
-18.41,-17.783
-16.947,-15.926
-17.062,-17.178
-17.01,-16.085
-17.664,-18.031
-17.039,-16.012
-16.394,-16.809
-17.121,-17.227
-19.611,-18.725
-17.218,-17.194
-16.605,-16.827
-16.184,-16.245
-17.686,-17.949
-17.755,-18.647
-17.399,-15.791
-16.18,-16.153
-16.108,-16.729
-18.008,-17.246
-16.684,-17.742
-16.619,-16.3
-16.472,-16.681
-16.454,-16.719
-16.594,-16.48
-15.569,-16.202
-16.75,-17.883
-16.787,-16.526
-13.751,-13.874
-16.927,-16.537
-18.355,-18.072
-15.868,-14.641
-17.215,-15.898
-16.935,-16.456
-16.986,-17.017
-16.712,-15.877
-16.784,-16.654
-15.201,-15.124
-16.351,-16.612
-15.714,-16.131
-16.972,-17.167
-17.126,-17.577
-16.33,-16.063
-15.022,-14.981
-18.331,-19.443
-16.965,-17.238
-18.013,-17.935
-16.21,-16.214
-17.585,-17.22
-16.356,-16.971
-17.459,-16.405
-15.136,-14.864
-16.662,-17.32
-16.236,-16.273
-15.091,-14.693
-14.997,-14.712
-15.245,-15.449
-15.205,-15.22
-17.352,-17.062
-17.661,-17.304
-16.377,-16.077
-19.813,-19.097
-18.343,-18.048
-17.031,-17.068
-19.056,-19.891
-14.884,-14.783
-17.182,-18.222
-17.693,-18.327
-16.265,-16.132
-16.439,-15.982
-17.593,-18.053
-16.126,-14.893
-15.15,-14.92
-16.807,-16.839
-16.551,-17.273
-15.785,-15.931
-17.041,-17.103
-17.418,-17.991
-17.039,-17.811
-17.254,-17.507
-16.611,-16.723
-16.452,-17.295
-15.352,-15.452
-15.19,-15.257
-16.576,-16.672
-15.429,-15.315
-16.639,-16.145
-16.039,-15.731
-15.891,-16.607
-16.9,-17.248
-17.616,-16.956
-17.144,-15.93
-17.523,-16.92
-17.044,-16.912
-17.718,-18.525
-16.267,-16.129
-16.924,-16.511
-16.109,-16.16
-16.827,-16.744
-17.516,-17.4
-17.099,-17.126
-16.739,-16.34
-17.212,-17.275
-16.126,-15.87
-16.267,-16.688
-15.981,-16.012
-14.36,-14.649
-16.435,-16.499
-18.252,-18.015
-15.815,-15.804
-15.351,-15.894
-15.998,-15.875
-16.238,-16.205
-14.769,-14.781
-17.869,-18.132
-15.378,-14.544
-17.039,-17.432
-16.493,-16.562
-15.815,-16.495
-18.157,-17.881
-16.176,-16.482
-16.505,-16.302
-17.778,-17.138
-16.729,-16.982
-17.49,-17.576
-19.259,-18.152
-17.313,-17.194
-15.532,-16.805
-17.437,-17.938
-17.688,-16.487
-17.092,-17.234
-16.85,-16.38
-16.63,-17.398
-19.25,-19.293
-15.414,-15.396
-17.251,-16.445
-17.528,-18.027
-15.454,-15.669
-16.883,-16.764
-16.023,-16.128
-15.654,-15.791
-17.393,-17.323
-15.363,-15.165
-16.994,-16.886
-15.747,-16.566
-18.174,-17.458
-14.502,-14.672
-17.658,-17.367
-16.983,-17.038
-15.396,-15.028
-16.478,-16.582
-15.733,-15.985
-17.518,-17.094
-16.645,-16.233
-16.712,-16.77
-16.76,-16.223
-15.672,-16.438
-16.774,-16.962
-18.39,-17.543
-17.03,-16.594
-15.876,-16.805
-17.333,-16.647
-16.418,-16.11
-17.84,-16.789
-17.292,-17.617
-17.83,-17.898
-15.196,-14.992
-14.177,-13.834
-16.815,-15.646
-16.941,-17.471
-17.049,-16.572
-17.372,-17.094
-17.135,-16.355
-15.944,-16.17
-16.329,-16.57
-16.753,-17.41
-16.106,-15.706
-16.992,-17.766
-15.937,-16.296
-19.287,-18.496
-16.063,-16.071
-16.263,-16.143
-15.586,-15.052
-18.084,-17.922
-17.449,-17.037
-15.243,-15.018
-16.252,-16.239
-16.194,-15.516
-16.363,-16.628
-17.752,-19.648
-17.675,-17.239
-17.562,-17.204
-16.72,-16.937
-15.492,-16.395
-17.13,-17.017
-17.137,-17.381
-16.74,-17.352
-17.529,-17.977
-18.159,-18.412
-18.526,-18.378
-17.716,-17.569
-16.515,-16.691
-16.879,-16.992
-18.015,-18.021
-16.552,-16.942
-17.106,-17.245
-17.237,-17.303
-14.814,-14.65
-17.973,-17.633
-16.724,-17.391
-16.124,-16.356
-16.075,-17.184
-16.131,-16.031
-15.455,-15.507
-16.579,-16.885
-15.623,-15.4
-17.855,-17.415
-16.797,-16.335
-16.929,-16.225
-16.728,-16.909
-19.751,-19.103
-17.159,-16.721
-16.534,-16.084
-16.924,-17.447
-17.071,-16.947
-16.046,-16.106
-17.557,-17.259
-18.258,-18.182
-17.758,-17.775
-15.91,-16.095
-17.525,-17.472
-17.8,-18.722
-16.583,-15.466
-17.301,-16.11
-17.536,-17.987
-16.397,-16.625
-16.543,-15.795
-17.258,-17.25
-16.728,-16.408
-16.507,-17.249
-17.418,-18.508
-17.816,-18.028
-15.755,-15.539
-15.733,-15.356
-16.116,-15.496
-16.854,-17.103
-16.696,-17.146
-14.219,-15.525
-18.435,-17.963
-16.6,-17.572
-17.72,-17.544
-17.213,-17.115
-19.271,-19.003
-17.879,-18.312
-18.457,-18.651
-17.071,-16.772
-16.024,-15.755
-15.645,-15.17
-17.153,-17.386
-17.454,-17.725
-15.965,-15.819
-14.706,-14.849
-15.74,-15.402
-16.602,-16.806
-16.745,-16.836
-18.55,-17.695
-16.93,-18.792
-15.8,-15.831
-17.047,-16.867
-16.465,-16.619
-16.591,-17.87
-17.671,-17.645
-16.373,-17.408
-17.918,-18.221
-16.388,-16.372
-15.978,-16.2
-17.351,-16.619
-17.229,-17.461
-16.806,-17.023
-15.863,-17.348
-17.049,-17.423
-15.434,-15.452
-16.943,-18.119
-17.192,-17.342
-16.822,-16.509
-15.594,-16.729
-17.592,-18.542
-17.834,-18.831
-15.429,-15.415
-17.201,-17.508
-15.653,-15.249
-19.073,-18.517
-14.626,-14.818
-16.278,-15.826
-15.297,-15.218
-19.335,-18.818
-18.674,-18.564
-16.166,-16.335
-17.755,-18.526
-15.364,-15.124
-14.575,-14.785
-16.571,-15.967
-15.859,-16.58
-18.608,-17.976
-16.821,-16.513
-17.473,-17.601
-14.876,-14.585
-17.462,-16.664
-15.514,-15.621
-16.908,-16.373
-14.797,-15.089
-15.83,-15.516
-17.658,-16.903
-15.642,-16.463
-16.39,-15.937
-17.588,-17.692
-16.679,-16.533
-17.739,-17.371
-18.639,-18.932
-17.755,-17.033
-16.335,-16.502
-16.233,-15.924
-18.234,-17.7
-18.324,-18.283
-17.778,-17.86
-16.398,-16.325
-16.469,-16.623
-17.396,-17.155
-16.528,-16.523
-15.376,-16.052
-17.226,-17.002
-15.33,-15.066
-15.179,-15.674
-15.58,-15.608
-17.18,-17.511
-16.958,-16.86
-14.999,-14.784
-16.864,-17.442
-15.035,-15.054
-17.239,-17.633
-16.966,-16.941
-16.15,-17.448
-14.761,-15.725
-16.288,-16.902
-15.997,-16.003
-18.193,-18.277
-16.296,-16.352
-16.882,-16.766
-15.757,-15.527
-17.372,-16.784
-16.912,-17.028
-16.92,-16.408
-17.024,-18.137
-15.711,-15.747
-15.711,-16.244
-16.602,-17.582
-15.507,-15.258
-17.342,-17.634
-15.399,-15.526
-17.252,-16.728
-15.768,-16.043
-16.7,-16.923
-18.713,-18.13
-18.283,-17.839
-15.941,-15.972
-15.881,-15.384
-18.857,-18.633
-18.931,-19.275
-16.627,-17.088
-16.806,-16.06
-14.97,-14.549
-15.718,-15.875
-17.223,-16.244
-16.966,-17.233
-17.374,-16.709
-16.433,-16.557
-15.941,-16.654
-16.903,-16.899
-14.847,-14.243
-17.413,-17.59
-16.515,-15.822
-19.093,-18.318
-15.903,-14.536
-17.147,-17.246
-15.08,-14.737
-16.316,-16.713
-16.743,-15.891
-16.946,-17.305
-18.154,-17.805
-16.483,-16.063
-14.982,-14.928
-15.784,-16.593
-16.497,-16.19
-16.281,-15.262
-16.438,-15.174
-17.132,-16.323
-17.408,-17.052
-16.229,-16.219
-17.534,-17.13
-16.216,-16.038
-17.963,-17.207
-16.173,-17.293
-16.517,-16.608
-16.104,-15.919
-18.024,-18.874
-17.377,-16.943
-15.402,-15.339
-18.146,-17.537
-17.42,-17.177
-16.891,-16.269
-19.477,-19.449
-16.025,-16.477
-16.653,-17.548
-16.343,-16.584
-18.819,-18.777
-16.362,-16.695
-16.396,-16.745
-16.426,-15.846
-15.974,-15.533
-16.214,-15.859
-15.034,-15.258
-18.36,-17.997
-15.025,-16.017
-16.462,-16.134
-16.627,-16.724
-16.264,-15.965
-16.419,-16.193
-16.64,-16.627
-17.024,-17.403
-16.271,-16.686
-16.99,-16.866
-16.882,-16.386
-15.522,-15.631
-15.327,-16.906
-18.197,-17.587
-16.269,-16.071
-17.186,-16.175
-15.032,-15.001
-16.772,-16.547
-18.026,-17.689
-17.516,-17.6
-19.139,-18.815
-15.37,-16.01
-16.739,-17.318
-15.079,-14.658
-17.002,-17.487
-17.294,-16.493
-16.459,-16.766
-16.335,-17.007
-15.23,-15.954
-16.424,-16.129
-15.012,-14.953
-17.227,-17.022
-17.51,-19.381
-17.81,-16.991
-17.209,-17.174
-16.54,-16.531
-15.848,-17.331
-15.741,-15.889
-15.965,-15.391
-19.085,-18.663
-14.874,-15.669
-18.172,-17.745
-16.364,-15.997
-17.442,-16.203
-18.451,-18.32
-19.643,-18.937
-14.946,-15.216
-16.515,-15.431
-17.588,-17.144
-16.729,-16.104
-17.458,-17.454
-17.661,-16.7
-17.305,-17.348
-16.237,-16.531
-15.734,-15.653
-16.567,-15.874
-17.332,-16.652
-17.394,-16.16
-16.41,-17.043
-16.283,-16.791
-17.797,-16.964
-16.984,-16.932
-17.667,-19.181
-15.367,-14.676
-16.255,-16.983
-17.605,-17.968
-15.617,-16.022
-17.642,-18.012
-16.731,-16.812
-14.949,-15.326
-17.274,-16.391
-15.594,-15.451
-16.763,-16.331
-17.367,-17.536
-16.393,-16.441
-18.06,-18.943
-14.661,-15.205
-16.529,-15.772
-18.546,-17.928
-16.122,-16.786
-17.62,-17.587
-16.484,-15.836
-17.364,-17.23
-17.461,-17.052
-16.752,-16.486
-16.058,-16.377
-16.298,-16.397
-18.646,-19.212
-18.076,-17.682
-16.458,-16.961
-16.621,-16.129
-16.538,-16.762
-15.958,-15.534
-15.761,-15.406
-16.254,-15.872
-15.885,-16.466
-14.754,-14.76
-16.137,-15.625
-16.925,-16.198
-14.838,-15.07
-16.648,-16.769
-16.991,-16.68
-16.803,-16.234
-15.338,-15.664
-16.451,-16.751
-17.056,-17.098
-15.951,-15.514
-17.198,-16.893
-16.074,-16.578
-16.817,-16.822
-15.638,-15.959
-16.41,-15.907
-14.18,-15.262
-16.218,-16.05
-15.944,-16.05
-14.492,-14.482
-15.996,-16.168
-17.424,-17.183
-17.313,-19.006
-18.031,-18.203
-17.24,-17.372
-17.152,-17.333
-15.96,-16.718
-17.467,-17.937
-16.366,-16.016
-19.486,-18.563
-17.726,-17.386
-15.521,-15.6
-17.188,-17.073
-17.188,-17.18
-15.783,-15.568
-15.115,-15.342
-17.939,-17.016
-16.577,-17.97
-17.804,-17.3
-17.625,-17.556
-16.683,-17.639
-16.176,-16.513
-16.725,-16.789
-17.487,-17.54
-15.645,-15.485
-17.064,-17.011
-15.302,-14.894
-15.716,-15.382
-16.766,-16.835
-17.775,-17.047
-15.774,-15.809
-15.443,-14.873
-16.043,-16.474
-15.368,-15.946
-14.826,-15.062
-17.256,-17.45
-15.856,-15.727
-17.372,-16.319
-15.823,-16.508
-16.787,-17.283
-15.941,-16.783
-16.583,-15.759
-18.206,-18.383
-17.082,-17.611
-16.841,-16.636
-16.713,-16.919
-17.534,-17.205
-17.78,-18.026
-17.293,-16.536
-15.006,-15.058
-19.096,-18.427
-16.026,-16.715
-16.48,-16.374
-17.367,-16.386
-15.893,-15.805
-16.739,-16.429
-14.667,-15.689
-18.759,-18.967
-16.938,-17.109
-14.615,-14.939
-18.586,-18.146
-16.924,-16.653
-15.754,-15.538
-15.579,-15.002
-15.414,-15.487
-15.316,-15.751
-15.593,-15.422
-16.191,-16.898
-17.212,-16.147
-17.236,-16.736
-17.011,-16.965
-16.196,-17.667
-16.735,-16.284
-16.645,-16.671
-16.739,-17.173
-16.769,-15.984
-14.626,-14.773
-15.797,-15.898
-17.857,-18.721
-16.451,-16.557
-15.756,-16.782
-17.16,-17.219
-14.078,-14.876
-18.027,-18.154
-18.966,-18.943
-16.957,-16.582
-17.277,-17.342
-15.809,-15.52
-16.512,-16.799
-17.029,-16.618
-16.004,-16.265
-16.074,-16.242
-16.349,-16.998
-15.136,-15.3
-18.409,-18.036
-16.577,-16.16
-17.384,-17.609
-17.072,-17.295
-16.512,-17.481
-17.566,-17.114
-18.085,-18.028
-18.459,-16.237
-15.782,-15.416
-16.85,-17.153
-17.616,-16.88
-15.616,-16.095
-15.915,-15.572
-15.193,-15.146
-16.195,-16.143
-17.605,-16.158
-18.315,-18.472
-16.815,-16.589
-15.968,-15.947
-16.961,-17.491
-19.166,-19.648
-19.133,-19.01
-15.657,-15.527
-16.189,-15.9
-15.775,-16.202
-17.583,-17.876
-16.585,-16.495
-15.435,-14.954
-17.857,-18.068
-18.189,-18.127
-15.271,-15.293
-17.779,-17.413
-16.599,-17.374
-18.009,-17.13
-15.667,-15.461
-17.905,-17.438
-15.193,-14.938
-15.38,-15.007
-15.002,-15.387
-15.381,-15.827
-17.944,-17.058
-16.479,-15.774
-16.915,-16.559
-17.098,-16.503
-17.823,-18.127
-17.158,-15.785
-17.727,-17.044
-15.941,-15.693
-15.427,-15.944
-18.595,-18.169
-17.166,-17.071
-17.501,-17.14
-16.949,-17.207
-15.442,-15.449
-16.799,-17.327
-16.806,-16.128
-15.559,-15.455
-17.059,-17.189
-17.985,-17.529
-17.125,-16.22
-15.657,-15.972
-17.259,-17.1
-16.822,-17.44
-17.166,-17.863
-17.535,-16.816
-14.654,-14.327
-17.082,-17.196
-15.466,-14.942
-15.123,-15.472
-17.087,-17.286
-17.199,-17.44
-17.307,-17.353
-16.839,-16.81
-14.595,-14.848
-17.162,-18.383
-16.799,-17.035
-15.095,-15.246
-16.314,-17.605
-16.655,-16.138
-15.951,-16.569
-17.104,-17.012
-15.321,-14.976
-15.57,-16.435
-15.781,-15.344
-17.905,-16.769
-16.775,-16.96
-16.924,-15.472
-17.756,-18.594
-15.648,-15.542
-19.146,-19.137
-15.308,-15.503
-15.598,-16.102
-17.665,-18.159
-18.036,-18.088
-16.757,-16.762
-16.442,-16.968
-17.515,-17.555
-19.964,-20.252
-15.276,-14.798
-16.145,-16.469
-17.373,-17.687
-15.416,-16.462
-15.539,-15.261
-18.245,-17.599
-17.125,-17.222
-17.89,-17.457
-16.849,-16.602
-17.043,-16.988
-16.67,-16.548
-17.289,-17.112
-17.328,-17.653
-15.137,-14.571
-16.537,-16.74
-17.048,-17.507
-17.244,-17.095
-15.139,-15.998
-17.836,-17.355
-17.136,-16.087
-18.712,-18.805
-15.436,-15.264
-17.15,-17.497
-17.219,-16.922
-16.192,-16.397
-15.493,-16.228
-17.615,-18.992
-16.111,-16.012
-17.225,-17.181
-15.854,-15.803
-17.223,-16.746
-16.67,-16.861
-17.351,-17.232
-16.707,-16.934
-15.96,-15.501
-15.275,-15.16
-16.092,-15.896
-16.567,-17.119
-17.811,-18.19
-16.332,-17.924
-17.108,-15.891
-16.404,-16.234
-16.064,-15.463
-17.52,-16.802
-16.702,-17.677
-18.415,-17.136
-15.88,-15.933
-16.827,-16.978
-16.033,-16.712
-16.872,-17.297
-15.611,-16.243
-14.699,-14.877
-16.677,-17.189
-16.821,-16.893
-18.187,-17.228
-19.15,-18.679
-16.913,-16.625
-18.165,-17.099
-15.389,-15.131
-18.58,-19.145
-15.75,-16.218
-15.092,-15.335
-16.795,-16.02
-17.504,-18.063
-16.263,-17.06
-16.331,-15.354
-17.163,-17.086
-17.578,-17.88
-15.3,-15.059
-17.681,-17.47
-16.106,-15.893
-15.683,-15.49
-15.44,-15.742
-19.61,-19.924
-17.131,-16.943
-16.663,-16.772
-17.325,-16.976
-16.165,-15.891
-16.185,-15.883
-15.234,-15.323
-16.192,-16.181
-17.674,-17.234
-16.02,-16.617
-18.049,-18.419
-16.071,-15.317
-17.029,-16.074
-17.233,-17.197
-16.928,-16.628
-17.611,-17.245
-17.406,-16.939
-15.996,-15.928
-17.146,-17.053
-17.261,-17.267
-18.489,-17.864
-16.543,-17.073
-14.595,-14.639
-15.4,-15.306
-15.487,-16.181
-16.396,-16.438
-17.71,-16.165
-17.856,-18.308
-15.368,-15.12
-17.466,-17.297
-18.068,-17.819
-17.332,-16.36
-15.585,-15.873
-16.911,-16.967
-16.341,-15.587
-14.712,-14.77
-16.148,-16.478
-18.8,-20.373
-15.814,-16.28
-16.532,-16.89
-16.466,-16.004
-16.235,-16.011
-18.142,-17.476
-19.663,-19.917
-16.573,-16.703
-17.381,-17.464
-17.307,-16.978
-16.752,-16.96
-18.219,-17.517
-16.629,-17.2
-15.827,-15.369
-18.15,-17.843
-17.121,-16.951
-16.601,-17.299
-15.733,-16.139
-18.236,-18.003
-15.537,-15.177
-15.061,-15.642
-17.92,-16.637
-16.517,-16.16
-17.626,-16.771
-17.299,-16.883
-17.355,-15.986
-16.181,-16.391
-15.984,-17.073
-15.153,-14.997
-16.345,-15.987
-18.093,-18.111
-16.511,-15.797
-17.694,-17.689
-17.384,-17.597
-17.418,-17.775
-15.124,-15.147
-15.724,-15.61
-15.529,-15.787
-16.806,-17.036
-17.936,-18.261
-16.252,-15.685
-17.092,-17.628
-16.017,-16.588
-15.648,-15.058
-17.396,-16.676
-15.909,-15.757
-17.292,-15.997
-16.765,-16.568
-18.018,-18.192
-17.298,-18.088
-16.514,-17.372
-17.1,-17.013
-16.244,-17.231
-15.762,-16.028
-17.249,-17.178
-16.011,-15.909
-17.259,-17.473
-16.963,-16.628
-16.723,-17.74
-16.818,-16.21
-15.931,-15.408
-17.057,-17.093
-17.147,-16.595
-16.907,-16.538
-14.868,-14.321
-17.595,-16.813
-17.685,-18.092
-16.765,-16.702
-17.177,-17.106
-16.804,-17.891
-17.102,-17.976
-16.8,-16.537
-17,-16.94
-13.895,-13.971
-17.649,-17.195
-17.24,-17.368
-16.919,-17.455
-16.583,-16.965
-17.259,-17.148
-16.669,-16.579
-17.2,-16.721
-17.646,-16.97
-16.917,-16.368
-15.249,-15.42
-16.826,-17.218
-16.535,-15.43
-16.204,-16.365
-17.349,-17.508
-15.894,-17.098
-15.884,-15.405
-16.29,-16.46
-17.007,-16.692
-16.96,-17.039
-16.802,-16.485
-15.778,-15.688
-17.933,-17.521
-17.439,-16.826
-16.339,-15.981
-17.56,-17.467
-16.755,-16.177
-16.092,-16.155
-16.094,-17.438
-17.188,-16.827
-19.859,-19.058
-17.899,-17.819
-16.684,-16.242
-16.195,-17.256
-17.327,-17.362
-15.363,-15.195
-17.032,-16.507
-17.004,-16.117
-16.165,-16.557
-17.954,-17.659
-18.125,-17.964
-16.628,-16.876
-18.082,-18.669
-18.008,-17.694
-15.687,-16.061
-17.944,-17.735
-17.057,-16.907
-16.303,-15.593
-15.504,-15.387
-17.25,-17.572
-17.127,-17.04
-16.495,-17.757
-15.458,-16.024
-15.995,-16.045
-16.087,-15.488
-18.533,-17.691
-17.216,-17.155
-16.173,-16.307
-16.215,-16.102
-16.294,-16.487
-15.782,-15.834
-18.266,-17.012
-16.894,-16.961
-17.046,-17.249
-17.126,-17.107
-17.098,-16.756
-15.768,-16.012
-16.615,-16.687
-17.518,-18.011
-17.643,-17.452
-14.939,-15.115
-15.228,-15.202
-16.181,-16.138
-15.297,-16.159
-15.697,-16.31
-17.574,-17.28
-17.71,-17.907
-17.437,-17.08
-17.132,-17.419
-17.045,-17.242
-15.634,-16.145
-15.872,-15.98
-17.45,-16.741
-15.961,-16.236
-18.1,-17.699
-16.102,-15.583
-17.273,-17.367
-17.192,-16.581
-15.742,-15.451
-17.39,-17.46
-16.433,-17.183
-16.485,-16.595
-15.868,-15.668
-15.23,-15.089
-17.09,-16.759
-16.47,-17.502
-17.747,-17.619
-14.992,-14.949
-17.596,-17.662
-15.764,-15.998
-17.132,-17.424
-16.818,-17.303
-18.1,-17.548
-16.823,-16.285
-17.486,-17.683
-16.688,-16.272
-17.177,-17.485
-17.105,-17.228
-16.828,-16.661
-16.047,-16.076
-17.277,-16.922
-15.368,-15.438
-16.544,-16.495
-16.721,-17.003
-16.086,-15.97
-15.775,-15.674
-19.185,-19.155
-16.165,-17.273
-18.46,-16.987
-17.293,-17.184
-15.856,-15.507
-17.224,-15.935
-18.902,-18.147
-15.729,-15.633
-16.48,-15.738
-16.491,-16.48
-17.408,-17.102
-16.814,-16.11
-18.762,-20.069
-16.262,-15.912
-16.786,-16.13
-17.389,-17.16
-16.104,-16.238
-14.472,-14.535
-14.915,-14.719
-17.549,-16.371
-17.961,-17.389
-17.883,-17.42
-16.928,-17.06
-15.419,-15.633
-17.011,-17.166
-16.628,-16.869
-15.166,-16.154
-17.531,-17.44
-16.875,-16.942
-14.643,-14.52
-16.144,-16.999
-17.55,-17.929
-17.13,-16.914
-15.926,-16.734
-19.12,-18.923
-17.77,-17.595
-16.958,-16.861
-16.224,-16.114
-17.243,-17.319
-19.835,-19.366
-17.819,-17.176
-16.889,-16.532
-15.096,-15.779
-16.683,-16.117
-16.511,-16.708
-17.443,-17.652
-18.047,-17.678
-18.552,-17.314
-17.536,-17.623
-18.913,-18.446
-16.129,-17.069
-17.167,-16.765
-18.086,-17.756
-17.643,-17.571
-17.917,-17.913
-16.729,-15.577
-14.665,-14.845
-19.756,-18.563
-16.018,-17.371
-17.219,-16.238
-16.145,-16.356
-17.547,-17.679
-17.223,-17.091
-16.302,-15.695
-17.995,-17.494
-17.52,-16.588
-16.196,-16.843
-18.315,-18.503
-16.991,-16.714
-15.659,-15.477
-16.67,-16.102
-15.933,-15.641
-17.146,-17.009
-16.911,-16.44
-17.535,-17.569
-17.17,-17.082
-16.86,-18.717
-15.903,-16.684
-16.72,-16.026
-17.058,-17.284
-17.004,-15.869
-18.185,-18.365
-17.204,-17.152
-16.999,-16.328
-16.321,-16.792
-18.165,-18.139
-16.177,-16.141
-15.862,-15.644
-14.354,-14.463
-17.075,-16.56
-17.475,-17.013
-17.334,-16.336
-17.829,-18.009
-15.332,-16.116
-17.094,-16.46
-16.003,-16.016
-16.171,-16.582
-18.665,-17.064
-16.802,-16.982
-16.749,-16.933
-17.046,-16.949
-15.039,-14.718
-16.186,-16.694
-15.813,-16.278
-18.041,-18.598
-16.018,-15.545
-15.436,-15.764
-15.706,-16.748
-16.732,-16.966
-17.213,-16.637
-16.788,-15.978
-16.298,-16.148
-18.527,-17.04
-17.504,-17.097
-16.378,-16.627
-19.371,-18.337
-17.965,-17.653
-17.188,-16.781
-16.34,-16.68
-16.082,-16.095
-17.708,-17.775
-17.551,-17.278
-17.425,-17.007
-16.149,-15.095
-16.566,-16.774
-18.14,-16.832
-15.197,-15.1
-17.652,-17.242
-15.728,-16.14
-15.868,-16.221
-14.658,-14.915
-16.313,-17.231
-16.961,-17.427
-17.003,-16.848
-17.189,-16.881
-17.395,-16.972
-16.473,-18.033
-17.824,-16.165
-16.304,-16.229
-16.603,-16.836
-18,-17.987
-17.862,-17.431
-15.175,-15.397
-15.047,-15.048
-17.251,-17.368
-18.924,-19.025
-16.484,-15.628
-15.531,-15.564
-16.011,-16.535
-14.706,-15.127
-18.065,-17.946
-16.93,-17.411
-16.029,-15.835
-16.86,-17.064
-17.709,-17.358
-15.242,-16.009
-16.705,-15.399
-17.608,-17.616
-14.925,-14.933
-17.627,-17.731
-16.972,-17.329
-16.538,-16.41
-15.937,-15.946
-19.793,-18.985
-17.473,-16.654
-15.755,-15.621
-16.374,-16.546
-16.234,-16.119
-17.088,-17.326
-15.689,-16.364
-16.907,-16.903
-17.346,-16.955
-17.816,-17.726
-16.889,-16.578
-16.322,-15.959
-15.234,-15.127
-18.065,-18.518
-17.561,-17.788
-17.232,-16.987
-19.105,-18.811
-17.359,-17.273
-16.108,-17.346
-16.838,-16.578
-16.208,-16.053
-18.489,-18.328
-16.418,-16.228
-16.846,-16.67
-14.891,-16.148
-20.095,-18.615
-14.979,-16.307
-18.591,-19.183
-17.913,-18.106
-15.715,-15.506
-17.044,-18.109
-14.896,-15.082
-16.903,-17.366
-17.605,-17.959
-18.706,-19.388
-16.014,-16.15
-18.19,-18.195
-15.361,-15.565
-17.072,-17.741
-16.723,-16.957
-16.796,-16.966
-15.623,-15.833
-18.186,-17.823
-17.109,-16.776
-18.074,-17.584
-17.117,-17.116
-17.259,-17.133
-17.174,-17.16
-16.933,-17.84
-16.783,-17.564
-17.22,-16.322
-17.439,-17.076
-16.641,-16.555
-17.872,-18.547
-17.468,-16.83
-17.34,-17.351
-15.071,-16.186
-15.057,-15.676
-16.137,-16.222
-17.147,-16.887
-16.098,-16.856
-16.783,-16.516
-19.244,-19.023
-16.796,-16.81
-16.076,-15.581
-16.744,-16.851
-17.547,-17.087
-18.073,-18.64
-17.514,-17.353
-17.709,-17.482
-16.492,-16.53
-16.719,-16.513
-18.187,-16.922
-19.384,-19.471
-17.255,-16.5
-18.699,-18.784
-17.331,-17.591
-17.811,-17.462
-15.334,-15.501
-15.587,-15.294
-15.09,-15.133
-16.664,-17.35
-14.939,-15.181
-16.509,-15.99
-16.699,-17.719
-15.571,-16.232
-16.271,-15.915
-17.415,-16.323
-18.177,-17.831
-15.563,-15.915
-16.063,-16.263
-16.589,-16.695
-14.753,-14.606
-16.409,-16.755
-17.442,-17.053
-16.556,-16.443
-15.147,-14.796
-16.912,-17.552
-17.561,-17.411
-15.419,-15.718
-16.977,-16.918
-16.2,-17.114
-16.362,-16.919
-19.071,-19.054
-16.634,-15.834
-16.817,-17.524
-15.344,-15.429
-16.443,-16.668
-17.399,-17.444
-16.439,-16.453
-16.892,-16.98
-15.293,-15.054
-15.931,-15.342
-16.869,-16.484
-18.396,-17.772
-17.291,-17.538
-17.036,-17.274
-17.066,-16.17
-16.143,-15.73
-16.739,-16.276
-16.497,-16.431
-16.054,-15.964
-18.92,-18.438
-17.216,-16.723
-16.583,-16.432
-17.073,-16.735
-16.288,-15.99
-16.403,-16.539
-17.01,-17.711
-17.082,-16.838
-17.538,-17.292
-16.569,-16.84
-15.313,-16.174
-17.369,-16.146
-16.638,-17.357
-15.743,-15.596
-16.646,-16.037
-17.327,-17.35
-16.766,-16.241
-17.052,-16.981
-18.307,-19.617
-17.158,-16.968
-17.041,-17.511
-16.588,-16.526
-17.037,-16.852
-14.713,-14.853
-16.626,-16.081
-18.802,-17.752
-17.135,-18.447
-16.81,-16.159
-16.403,-16.793
-16.139,-16.203
-16.718,-16.443
-17.08,-16.46
-17.922,-17.832
-17.957,-18.22
-15.662,-15.95
-15.038,-15.061
-16.238,-15.361
-16.736,-15.478
-16.316,-16.566
-15.748,-15.128
-17.074,-17.504
-17.407,-16.909
-18.124,-18.365
-16.771,-16.329
-17.451,-18.474
-17.992,-16.85
-16.107,-16.125
-17.647,-17.241
-16.403,-16.801
-16.989,-16.933
-17.715,-16.292
-17.481,-17.178
-18.855,-18.311
-18.932,-18.304
-17.159,-17.495
-15.57,-15.546
-15.286,-15.563
-16.946,-17.035
-15.926,-15.288
-16.755,-17.032
-15.034,-15.081
-18.356,-18.706
-17.347,-17.615
-15.161,-15.493
-17.353,-16.983
-16.988,-17.405
-17.851,-18.223
-16.882,-16.692
-17.51,-17.101
-17.354,-17.312
-16.316,-16.231
-18.258,-17.735
-16.474,-16.394
-17.016,-16.795
-18.272,-17.297
-16.945,-16.79
-15.221,-15.253
-16.985,-16.888
-17.147,-17.184
-18.155,-18.4
-15.602,-15.475
-14.936,-15.495
-17.464,-17.106
-16.566,-16.12
-17.22,-18.155
-16.548,-16.943
-19.311,-19.188
-16.222,-15.944
-16.724,-17.169
-17.01,-16.823
-17.331,-16.572
-16.968,-16.918
-15.791,-16.119
-16.703,-16.896
-16.795,-16.655
-17.417,-17.037
-15.439,-15.797
-17.756,-16.429
-18.052,-17.992
-16.215,-15.613
-15.208,-14.908
-15.846,-16.321
-16.319,-16.321
-18.893,-18.756
-16.986,-17.123
-16.29,-17.372
-17.931,-17.164
-16.82,-16.224
-16.868,-16.685
-18.087,-18.117
-17.739,-16.721
-16.785,-16.614
-14.876,-15.077
-16.089,-15.832
-17.591,-16.79
-17.878,-18.17
-16.367,-16.832
-16.76,-16.212
-17.767,-16.312
-17.917,-18.155
-14.723,-14.586
-17.248,-16.335
-15.872,-15.53
-17.018,-17.143
-16.537,-15.678
-16.719,-17.169
-18.363,-17.099
-15.583,-16.112
-16.856,-16.252
-15.853,-16.7
-14.079,-14.196
-15.512,-15.392
-16.182,-16.908
-15.669,-15.666
-16.544,-16.918
-17.784,-17.541
-16.642,-16.932
-17.851,-17.586
-17.108,-15.979
-17.315,-17.06
-15.42,-15.671
-14.605,-14.853
-15.049,-15.121
-17.049,-16.528
-16.089,-16.388
-18.168,-16.727
-15.935,-16.462
-16.458,-16.457
-17.687,-17.508
-18.176,-17.794
-17.094,-16.743
-14.56,-14.689
-17.148,-16.05
-15.474,-15.026
-18.719,-19.068
-16.225,-16.688
-16.827,-18.02
-16.816,-16.206
-17.811,-17.265
-15.967,-16.781
-17.021,-18.346
-16.05,-16.124
-16.371,-16.195
-16.811,-16.889
-19.32,-19.586
-16.182,-17.091
-13.983,-14.802
-18.124,-17.727
-19.152,-19.781
-15.106,-16.602
-15.641,-15.493
-18.725,-17.648
-17.233,-17.041
-18.208,-16.948
-16.975,-16.844
-18.235,-18.186
-15.994,-16.598
-16.753,-16.698
-17.788,-17.561
-16.546,-16.147
-16.564,-16.142
-16.166,-16.643
-17.796,-17.05
-16.222,-16.756
-16.907,-17.437
-16.896,-17.135
-15.559,-15.141
-15.035,-15.069
-15.238,-15.069
-15.51,-16.08
-17.745,-17.441
-16.111,-16.79
-15.598,-16.256
-17.786,-17.73
-15.677,-15.536
-15.386,-15.974
-16.343,-16.7
-17.597,-17.565
-17.842,-17.615
-17.291,-16.509
-14.635,-15.15
-17.334,-17.74
-17.557,-16.851
-19.8,-20.101
-19.13,-18.427
-16.117,-16.256
-15.091,-15.283
-16.243,-15.955
-16.013,-15.661
-16.523,-15.838
-15.855,-16.595
-17.481,-18.368
-16.125,-17.244
-16.272,-16.831
-16.699,-16.568
-17.05,-17.142
-19.937,-18.77
-16.089,-15.85
-16.475,-16.257
-15.344,-15.561
-16.567,-16.638
-16.763,-16.463
-15.864,-16.717
-17.78,-17.988
-17.627,-17.949
-17.489,-17.546
-16.397,-16.462
-16.199,-16.869
-16.719,-17.036
-16.386,-15.991
-16.084,-15.48
-16.573,-16.919
-17.479,-16.878
-15.547,-15.903
-16.794,-16.715
-16.744,-16.914
-16.86,-15.636
-15.952,-17.341
-16.283,-16.869
-17.618,-17.332
-17.235,-17.053
-16.521,-17.542
-15.439,-15.508
-17.871,-18.745
-16.585,-16.543
-17.499,-17.648
-16.939,-17.521
-16.841,-16.735
-16.972,-16.584
-17.204,-17.059
-15.061,-15.025
-17.036,-16.514
-17.837,-17.973
-18.791,-20.329
-15.416,-15.726
-17.052,-18.044
-18.056,-17.56
-16.336,-17.054
-15.498,-15.431
-15.833,-16.532
-15.566,-15.4
-15.322,-15.086
-15.79,-16.342
-16.037,-16.377
-17.517,-17.34
-15.988,-15.498
-15.328,-15.527
-17.307,-17.105
-16.73,-16.945
-18.682,-19.228
-16.168,-15.59
-14.563,-14.267
-14.537,-15.637
-16.889,-17.625
-16.443,-16.332
-17.895,-18.78
-16.448,-16.351
-16.227,-15.975
-16.47,-17.513
-15.633,-15.463
-16.897,-16.575
-17.481,-16.724
-14.833,-15.156
-18.44,-18.202
-18.156,-18.69
-15.911,-16.115
-16.997,-16.713
-16.451,-16.502
-17.348,-17.716
-15.203,-15.216
-18.132,-18.38
-17.052,-17.785
-17.418,-16.939
-15.19,-15.719
-16.128,-15.722
-16.855,-17.08
-17.058,-17.041
-18.3,-19.415
-18.708,-18.144
-15.105,-15.38
-16.767,-16.5
-19.16,-19.643
-17.466,-17.208
-17.724,-18.496
-16.008,-16.005
-16.398,-16.478
-16.874,-15.971
-16.921,-16.93
-16.493,-17.322
-17.047,-15.755
-16.331,-16.549
-16.489,-17.448
-17.66,-17.651
-16.076,-17.41
-16.451,-16.222
-17.677,-16.962
-15.165,-15.105
-16.746,-16.34
-16.301,-15.571
-17.304,-17.607
-18.249,-16.972
-17.022,-17.354
-18.127,-17.781
-16.725,-17.374
-15.919,-15.791
-17.365,-16.14
-17.432,-16.993
-17.532,-17.437
-15.773,-15.392
-16.841,-16.236
-18.259,-19.439
-15.386,-15.058
-16.817,-17.052
-17.408,-17.497
-16.877,-16.445
-17.434,-17.78
-17.18,-17.502
-16.597,-16.469
-17.721,-16.995
-17.688,-17.244
-17.18,-16.901
-13.858,-14.04
-17.205,-16.366
-15.807,-15.939
-17.935,-16.12
-17.768,-17.249
-17.751,-17.876
-17.656,-16.907
-15.792,-16.104
-15.784,-16.18
-16.278,-16.904
-16.713,-17.748
-15.58,-16.243
-14.897,-15.03
-18.793,-20.121
-18.184,-17.991
-16.655,-15.671
-16.478,-16.287
-15.554,-16.937
-16.427,-16.955
-16.599,-16.991
-17.752,-17.406
-17.091,-17.532
-17.949,-17.776
-17.486,-16.895
-16.177,-15.907
-16.489,-16.641
-16.064,-17.496
-19.166,-18.575
-16.81,-16.637
-17.249,-18.006
-16.349,-17.439
-16.033,-16.018
-17.827,-18.02
-17.159,-17.535
-16.376,-16.476
-15.991,-16.755
-16.327,-16.913
-17.633,-16.848
-14.946,-15.596
-16.543,-15.906
-17.086,-17.298
-17.215,-17.191
-17.529,-17.184
-16.879,-17.063
-17.409,-16.833
-15.878,-15.917
-15.772,-16.682
-15.796,-15.112
-17.972,-17.128
-16.357,-16.601
-16.059,-16.604
-19.571,-18.764
-16.842,-15.641
-18.086,-18.385
-17.472,-16.716
-16.813,-16.432
-16.835,-17.655
-16.975,-16.418
-15.055,-14.889
-15.443,-16.257
-16.618,-16.947
-18.177,-17.572
-15.54,-15.698
-16.314,-16.458
-17.221,-17.098
-16.457,-17.455
-16.878,-16.584
-15.889,-17.336
-18.739,-19.521
-17.42,-16.808
-16.217,-15.384
-17.202,-17.037
-17.415,-17.495
-17.163,-16.175
-15.426,-16.342
-16.681,-17.625
-16.87,-17.335
-17.264,-16.897
-17.779,-17.152
-15.976,-15.719
-17.371,-16.922
-17.549,-18.453
-15.535,-15.504
-16.826,-16.402
-16.014,-16.429
-16.677,-16.142
-17.193,-16.936
-15.15,-15.282
-15.944,-16.439
-19.477,-18.66
-16.025,-15.916
-15.907,-15.591
-16.807,-16.828
-17.068,-17.115
-16.221,-16.173
-16.61,-16.58
-16.514,-16.439
-14.317,-14.111
-16.761,-16.988
-17.274,-17.082
-15.097,-15.404
-17.75,-17.377
-17.098,-17.119
-18.6,-17.99
-15.102,-15.162
-15.627,-15.471
-17.093,-17.17
-17.413,-16.944
-17.292,-17.629
-16.636,-16.204
-17.007,-16.865
-17.421,-17.619
-17.573,-17.399
-18.132,-17.612
-16.665,-16.546
-16.605,-16.402
-16.461,-16.189
-16.508,-17.529
-14.506,-15.154
-16.711,-16.138
-15.752,-16.425
-18.136,-18.337
-15.156,-15.289
-16.787,-17.01
-15.347,-15.743
-17.951,-18.332
-16.602,-16.759
-14.739,-14.998
-17.721,-18.395
-16.746,-16.337
-15.708,-15.514
-17.125,-16.492
-15.993,-16.413
-17.523,-15.249
-15.772,-15.936
-15.702,-15.281
-16.511,-16.456
-16.136,-16.505
-16.462,-16.883
-16.771,-16.669
-16.877,-16.948
-17.362,-17.309
-17.24,-16.933
-16.378,-16.849
-15.818,-15.979
-17.237,-17.235
-16.774,-16.098
-19.472,-19.45
-17.411,-16.93
-17.192,-17.032
-16.691,-17.478
-17.323,-16.718
-17.24,-17.063
-16.131,-17.037
-16.129,-14.613
-16.907,-17.233
-17.407,-17.158
-17.207,-17.758
-15.315,-15.06
-16.132,-15.288
-17.7,-18.051
-15.331,-15.134
-15.343,-15.944
-15.868,-16.157
-16.67,-16.5
-16.448,-17.113
-17.481,-17.576
-17.315,-17.531
-18.603,-16.881
-16.709,-17.105
-17.328,-17.633
-17.535,-16.778
-17.896,-17.606
-15.861,-16.152
-15.346,-14.958
-16.87,-16.14
-17.541,-17.516
-15.966,-17.14
-17.336,-17.582
-17.568,-17.696
-17.57,-18.065
-18.779,-18.994
-17.669,-18.244
-16.192,-16.237
-16.806,-16.928
-16.277,-16.64
-18.147,-18.062
-16.88,-16.605
-15.259,-15.082
-15.847,-15.996
-16.974,-17.109
-16.348,-17.073
-16.028,-15.729
-16.802,-16.677
-16.627,-16.328
-17.05,-17.338
-15.584,-15.485
-16.825,-17.667
-15.63,-16.696
-16.676,-16.456
-14.911,-14.55
-16.117,-16.555
-17.265,-17.277
-17.85,-17.943
-18.402,-18.33
-17.498,-16.843
-15.686,-16.339
-19.16,-19.285
-17.41,-17.558
-16.903,-16.409
-16.408,-16.289
-17.486,-17.754
-17.213,-17.211
-16.265,-16.311
-16.944,-16.572
-15.367,-15.209
-16.845,-15.925
-16.279,-16.577
-17.388,-16.247
-17.93,-16.024
-17.74,-17.777
-17.713,-16.52
-15.75,-16.244
-16.084,-15.737
-16.187,-16.139
-16.566,-16.161
-16.677,-18.126
-16.541,-16.241
-15.225,-15.752
-18.06,-18.853
-17.114,-17.512
-15.803,-17.151
-16.322,-15.88
-16.69,-16.567
-16.647,-17.248
-16.581,-15.959
-17.594,-16.915
-15.79,-15.655
-15.446,-15.769
-16.808,-16.997
-17.394,-18.127
-17.858,-17.892
-15.678,-16.656
-17.213,-17.543
-17.455,-16.693
-15.866,-15.487
-16.043,-16.292
-16.781,-16.599
-17.842,-17.749
-16.979,-16.679
-15.215,-15.09
-15.156,-15.312
-16.756,-16.951
-16.725,-16.431
-16.066,-16.843
-15.633,-15.65
-18.872,-19.095
-18.147,-18.078
-15.906,-15.487
-17.021,-16.957
-17.494,-17.278
-16.879,-17.66
-16.833,-17.112
-15.786,-15.448
-18.144,-18.136
-15.412,-15.564
-17.612,-17.403
-17.622,-17.166
-16.302,-16.77
-17.527,-19.007
-17.698,-18.063
-16.777,-15.918
-14.616,-14.651
-17.826,-18.26
-15.906,-15.721
-17.586,-16.885
-16.886,-17.264
-16.767,-18.342
-17.358,-17.663
-15.105,-15.422
-16.377,-16.564
-17.328,-17.689
-17.745,-17.114
-15.212,-15.188
-16.308,-15.812
-17.968,-17.682
-17.088,-17.232
-17.094,-17.261
-15.813,-16.238
-16.844,-16.831
-15.129,-14.795
-17.722,-17.472
-16.029,-16.234
-17.201,-18.343
-19.689,-18.042
-15.163,-15.085
-17.803,-18.559
-17.545,-17.307
-16.99,-17.362
-15.646,-15.4
-15.715,-15.894
-16.876,-17.082
-16.472,-16.233
-16.232,-15.95
-15.974,-15.899
-16.55,-16.626
-16.123,-16.591
-17.781,-18.149
-16.71,-16.427
-16.204,-15.928
-16.634,-16.912
-14.601,-14.638
-15.751,-15.935
-15.151,-15.273
-17.55,-18.545
-16.678,-15.613
-14.966,-15.663
-16.89,-16.84
-17.341,-17.04
-17.711,-17.117
-15.105,-15.139
-16.522,-16.148
-14.563,-14.469
-14.897,-15.05
-17.877,-17.806
-15.594,-16.393
-17.411,-17.54
-15.812,-17.336
-18.609,-17.563
-18.418,-17.267
-17.437,-17.433
-15.899,-15.655
-16.366,-16.551
-17.223,-17.357
-14.967,-14.962
-15.673,-15.036
-16.9,-16.942
-18.839,-19.181
-18.43,-17.614
-16.929,-16.709
-17.529,-16.443
-17.229,-17.46
-15.929,-15.846
-16.794,-17.251
-18.136,-17.14
-15.385,-15.774
-16.992,-16.936
-16.634,-16.849
-17.816,-17.356
-17.433,-16.575
-16.47,-15.848
-15.759,-16.278
-16.2,-16.851
-16.452,-16.848
-16.76,-16.188
-17.522,-16.866
-17.175,-16.668
-16.616,-16.244
-18.044,-17.887
-15.807,-16.001
-16.223,-16.502
-17.827,-18.432
-16.006,-14.756
-17.25,-17.303
-18.088,-17.003
-16.671,-16.009
-17.381,-17.665
-16.792,-17.929
-17.186,-17.681
-16.86,-16.735
-15.832,-16.354
-17.754,-17.599
-15.707,-15.503
-15.754,-15.832
-16.92,-17.313
-17.848,-18.024
-16.336,-16.034
-16.206,-17.082
-17.448,-16.606
-17.633,-16.671
-17.319,-17.689
-18.039,-18.126
-17.923,-16.665
-14.975,-15.069
-15.417,-15.374
-16.66,-16.544
-17.584,-17.521
-16.545,-18.057
-17.045,-16.679
-15.13,-15.202
-16.496,-16.027
-16.084,-15.896
-14.684,-14.477
-17.38,-18.578
-16.818,-16.671
-16.977,-17.603
-17.812,-18.066
-17.649,-19.078
-16.508,-16.572
-16.118,-16.148
-17.32,-17.167
