-16.585,-16.281
-16.878,-16.855
-16.36,-15.559
-14.909,-14.114
-15.431,-15.463
-18.336,-17.561
-17.124,-16.859
-16.217,-16.437
-16.137,-16.476
-17.034,-16.94
-16.564,-16.831
-16.068,-16.254
-17.041,-16.924
-14.711,-14.487
-16.952,-16.917
-15.227,-15.478
-17.677,-16.773
-15.979,-16.011
-16.514,-16.569
-15.564,-15.515
-15.943,-15.023
-15.775,-15.968
-16.041,-16.309
-16.54,-16.529
-16.763,-16.153
-15.918,-16.312
-16.468,-16.473
-16.964,-16.926
-16.695,-17.013
-14.485,-14.362
-15.666,-16.706
-15.964,-15.725
-14.98,-16.361
-17.102,-16.709
-15.909,-16.179
-18.142,-17.913
-17.074,-17.403
-17.359,-16.563
-17.156,-17.096
-15.429,-15.386
-15.655,-15.877
-15.043,-15.619
-16.597,-17.466
-19.464,-19.267
-15.982,-16.218
-17.04,-16.389
-16.445,-16.644
-16.212,-16.771
-16.524,-16.546
-18.929,-18.028
-15.74,-15.353
-14.845,-15.126
-15.925,-16.321
-16.164,-16.339
-15.742,-16.351
-17.218,-16.979
-15.749,-16.069
-15.819,-16.376
-16.916,-16.593
-18.547,-18.347
-18.745,-18.342
-15.778,-15.558
-15.774,-14.636
-15.7,-15.68
-17.178,-16.839
-18.118,-18.444
-16.639,-16.657
-17.014,-17.154
-15.973,-15.454
-17.209,-17.589
-14.132,-14.331
-16.019,-16.221
-17.581,-16.739
-17.023,-16.806
-16.246,-16.365
-16.759,-15.823
-16.173,-16.335
-17.765,-17.081
-17.1,-16.447
-16.727,-16.196
-17.376,-17.906
-16.909,-16.682
-17.237,-17.499
-18.101,-17.684
-15.656,-15.387
-15.347,-14.994
-17.238,-16.254
-16.365,-16.152
-16.747,-16.023
-15.163,-16.321
-15.703,-15.291
-15.892,-15.526
-14.754,-14.962
-16.669,-16.723
-16.318,-17.525
-15.244,-15.376
-14.808,-14.807
-15.328,-15.72
-17.418,-17.656
-16.137,-16.362
-18.753,-18.516
-19.09,-18.693
-18.6,-18.766
-16.718,-16.372
-17.671,-17.851
-15.905,-16.058
-15.591,-15.111
-16.086,-15.806
-18.356,-17.997
-15.6,-16.65
-15.845,-16.354
-15.323,-14.826
-14.547,-14.83
-15.631,-15.603
-15.662,-15.636
-17.622,-18.14
-17.808,-17.66
-16.665,-18.205
-16.106,-15.564
-15.779,-15.986
-18.508,-16.641
-15.53,-15.029
-15.31,-15.764
-18.045,-18.175
-17.631,-17.571
-15.447,-16.54
-15.97,-15.953
-14.142,-14.208
-15.912,-16.426
-16.833,-15.762
-17.525,-17.048
-18.013,-16.766
-16.808,-16.471
-16.184,-16.56
-15.046,-14.778
-17.589,-17.462
-16.287,-15.988
-17.407,-17.618
-14.87,-15.033
-15.313,-15.156
-15.026,-14.517
-16.219,-15.782
-16.741,-16.037
-18.396,-18.321
-15.998,-15.38
-15.034,-14.556
-18.456,-18.408
-15.995,-15.294
-15.759,-15.646
-15.552,-15.673
-18.825,-18.036
-15.858,-15.298
-17.217,-16.953
-17.033,-17.558
-15.767,-15.044
-15.716,-15.477
-14.276,-14.443
-17.309,-17.465
-17.711,-17.415
-16.89,-16.549
-16.024,-16.294
-16.423,-16.373
-16.487,-15.685
-16.472,-17.171
-18.138,-18.3
-16.872,-16.736
-16.228,-17.109
-13.654,-13.648
-16.219,-16.54
-18.261,-18.734
-15.989,-15.456
-16.603,-16.705
-14.322,-14.293
-20.2,-19.421
-16.093,-16.17
-17.69,-16.279
-16.585,-16.766
-15.905,-15.461
-15.723,-15.499
-16.363,-17.092
-17.357,-17.178
-16.512,-16.518
-15.806,-16.308
-19.895,-19.947
-17.681,-17.596
-18.924,-19.152
-17.681,-17.791
-14.651,-14.817
-15.149,-14.868
-18.028,-18.215
-17.124,-16.228
-15.783,-16.234
-16.579,-17.001
-15.536,-15.215
-18.259,-18.147
-15.456,-15.735
-18.369,-18.485
-14.482,-14.391
-15.984,-15.403
-17.355,-17.36
-15.153,-14.82
-15.12,-15.19
-16.272,-16.883
-16.022,-16.32
-15.345,-14.86
-15.03,-15.045
-16.642,-16.638
-17.798,-16.603
-18.168,-18.351
-16.06,-15.704
-17.546,-17.012
-16.347,-15.947
-16.738,-16.307
-14.577,-15.716
-17.907,-17.672
-18.155,-18.061
-15.63,-15.609
-15.334,-16.331
-15.912,-15.569
-18.709,-18.563
-15.898,-15.868
-15.513,-15.409
-15.697,-15.967
-14.724,-15.953
-15.604,-15.793
-16.663,-16.26
-14.392,-15.094
-18.221,-16.788
-16.31,-17.197
-15.608,-15.29
-16.67,-16.329
-17.348,-17.34
-18.063,-18.182
-15.969,-16.423
-15.994,-16.934
-17.849,-16.584
-15.327,-15.566
-17.435,-17.286
-15.858,-16.539
-16.785,-16.31
-16.032,-15.076
-16.051,-15.295
-16.194,-16.267
-16.82,-15.833
-15.872,-15.862
-15.987,-14.933
-16.696,-16.515
-16.823,-16.188
-15.437,-15.683
-17.194,-17.708
-17.798,-17.096
-16.593,-16.268
-16.631,-16.309
-16.688,-17.136
-16.43,-15.962
-16.025,-15.553
-15.725,-15.398
-16.24,-16.226
-16.603,-17.39
-16.358,-16.828
-15.964,-16.693
-17.621,-17.152
-14.526,-14.35
-18.439,-17.899
-16.521,-16.543
-18.436,-18.42
-14.901,-14.872
-17.419,-17.57
-16.416,-15.81
-16.223,-16.271
-15.243,-14.944
-16.056,-16.413
-14.804,-15.066
-15.733,-15.489
-17.419,-17.031
-15.916,-15.598
-14.492,-14.646
-16.521,-17.71
-17.018,-16.934
-17.817,-17.116
-16.362,-16.627
-15.739,-15.279
-15.898,-16.074
-17.167,-17.225
-15.515,-15.496
-17.645,-17.589
-15.734,-15.826
-15.762,-14.948
-14.889,-15.966
-17.65,-18.887
-16.577,-16.15
-15.425,-15.651
-16.762,-16.924
-16.151,-17.162
-17.448,-15.92
-16.018,-16.236
-16.448,-16.199
-16.713,-16.295
-17.353,-16.251
-15.912,-15.917
-16.344,-16.165
-17.526,-16.776
-16.251,-16.203
-15.629,-15.187
-17.31,-17.778
-17.886,-17.336
-18.66,-17.711
-19.276,-18.392
-17.268,-18.267
-19.245,-17.849
-17.686,-17.419
-16.321,-15.114
-16.266,-17.108
-16.753,-15.789
-14.755,-14.791
-14.315,-14.473
-16.652,-15.811
-18.179,-18.065
-16.884,-16.422
-17.777,-18.075
-17.068,-16.424
-15.386,-15.363
-15.309,-15.483
-18.551,-17.899
-15.837,-15.522
-16.016,-15.79
-15.618,-15.499
-17.213,-17.487
-15.904,-15.802
-16.751,-16.471
-15.347,-15.114
-18.652,-19.405
-16.699,-16.138
-16.55,-16.036
-15.744,-16.292
-16.985,-18.465
-15.797,-16.021
-15.897,-15.826
-15.761,-16.377
-15.431,-14.798
-15.825,-16.826
-16.259,-15.872
-16.257,-16.548
-16.353,-16.636
-14.276,-14.499
-16.69,-18.402
-14.905,-14.564
-15.013,-15.394
-17.428,-17.347
-15.351,-15.218
-16.428,-16.496
-15.852,-15.982
-16.338,-15.983
-16.935,-16.16
-16.444,-16.328
-17.499,-17.41
-17.202,-16.667
-17.454,-17.304
-16.064,-16.396
-15.392,-15.318
-16.363,-16.178
-16.975,-18.747
-16.653,-15.854
-15.176,-15.31
-15.448,-15.408
-16.831,-17.63
-15.384,-15.215
-14.992,-15.919
-14.569,-14.528
-17.413,-16.811
-16.227,-15.836
-16.317,-16.33
-17.126,-17.168
-16.231,-15.672
-17.744,-16.823
-14.829,-15.545
-14.992,-14.585
-16.187,-16.213
-18.078,-17.076
-14.582,-14.91
-15.267,-14.969
-15.275,-15.84
-16.979,-17.364
-15.281,-16.406
-15.766,-15.19
-16.181,-17.751
-16.554,-16.233
-16.346,-16.326
-14.337,-14.643
-16.419,-16.481
-15.229,-15.868
-15.464,-16.703
-18.767,-18.265
-15.587,-16.838
-15.628,-15.558
-15.213,-14.921
-14.887,-14.904
-19.197,-19.023
-16.575,-16.915
-17.154,-17.554
-15.994,-16.119
-17.22,-16.527
-15.24,-15.291
-16.336,-16.512
-15.891,-16.093
-17.394,-16.492
-18.744,-18.197
-16.315,-16.699
-17.633,-17.627
-18.306,-17.454
-18.281,-17.889
-16.638,-16.836
-15.714,-16.871
-15.728,-16.053
-16.297,-15.877
-17.767,-17.378
-16.451,-17.884
-18.145,-17.857
-15.818,-16.334
-16.759,-16.816
-15.339,-15.464
-15.262,-14.857
-15.978,-16.789
-16.988,-17.298
-17.752,-18.083
-16.04,-16.79
-16.567,-15.556
-17.634,-16.814
-16.051,-16.216
-16.702,-17.073
-16.281,-15.919
-14.84,-14.885
-18.127,-17.493
-15.202,-15.408
-16.044,-15.956
-17.92,-18.032
-16.594,-16.37
-15.92,-16.62
-15.882,-15.391
-16.446,-16.63
-17.472,-17.625
-15.246,-14.891
-16.516,-15.991
-17.275,-18.114
-16.568,-16.719
-16.377,-17.454
-17.437,-17.334
-15.639,-15.195
-18.296,-18.483
-15.307,-15.07
-15.5,-15.957
-16.032,-15.668
-16.593,-16.269
-16.328,-16.913
-16.906,-17.982
-16.386,-16.662
-17.378,-17.087
-16.137,-17.132
-16.55,-17.359
-15.806,-16.242
-15.866,-15.337
-16.426,-16.696
-15.708,-15.907
-17.869,-17.99
-16.432,-15.757
-15.9,-15.707
-18.971,-18.602
-18.088,-17.766
-18.045,-17.431
-18.688,-19.247
-16.21,-16.901
-15.124,-15.805
-17.131,-17.703
-18.351,-17.383
-15.987,-15.59
-17.359,-16.995
-14.507,-14.702
-15.615,-15.986
-17.964,-17.77
-18.681,-19.176
-16.66,-15.956
-19.129,-18.665
-17.498,-16.658
-18.625,-18.729
-19.397,-19.103
-15.614,-15.788
-17.535,-15.675
-16.694,-16.591
-17.124,-17.374
-14.639,-15.228
-14.65,-14.622
-17.853,-17.84
-16.205,-16.662
-17.049,-17.689
-16.338,-17.156
-16.146,-16.386
-14.927,-15.63
-13.619,-13.493
-18.223,-18.21
-14.837,-14.393
-19.546,-18.986
-15.497,-16.58
-15.576,-14.358
-16.111,-16.679
-17.585,-17.702
-19.339,-19.917
-16.728,-16.002
-14.966,-14.072
-15.693,-15.665
-15.702,-15.048
-16.167,-16.782
-16.162,-16.646
-15.596,-15.75
-17.166,-16.91
-16.893,-17.005
-15.925,-15.89
-15.943,-15.76
-17.666,-17.792
-14.004,-14.165
-19.054,-18.324
-16.782,-16.269
-15.755,-16.003
-16.069,-16.085
-17.351,-17.428
-16.417,-16.086
-15.781,-15.371
-16.892,-16.1
-16.24,-16.343
-14.841,-14.979
-15.948,-16.341
-17.181,-16.718
-15.201,-14.925
-17.429,-17.429
-15.956,-15.409
-17.797,-17.956
-14.033,-14.007
-15.937,-15.881
-17.053,-17.174
-16.135,-16.095
-18.616,-18.294
-18.488,-17.793
-16.311,-15.948
-18.168,-18
-16.46,-15.936
-16.346,-16.554
-15.817,-15.996
-17.41,-15.956
-15.622,-15.304
-17.397,-17.206
-14.849,-15.716
-18.901,-17.981
-16.503,-16.561
-15.964,-16.47
-16.226,-16.611
-17.074,-17.522
-17.782,-17.875
-15.597,-15.216
-18.292,-17.3
-15.433,-16.142
-19.104,-17.955
-15.109,-15.546
-16.588,-16.091
-14.597,-15.277
-14.847,-15.445
-16.227,-16.445
-16.979,-17.039
-17.017,-18.094
-18.763,-18.562
-14.831,-15.067
-14.862,-15.202
-16.38,-16.425
-17.605,-17.83
-16.329,-15.836
-18.178,-17.458
-15.058,-15.276
-15.967,-16.464
-16.651,-16.061
-15.715,-16.261
-16.67,-16.002
-17.35,-17.459
-16.566,-16.253
-18.812,-18.723
-14.203,-14.935
-15.386,-15.371
-17.636,-16.912
-15.959,-16.138
-16.465,-15.808
-16.593,-16.026
-17.391,-17.268
-16.917,-16.798
-18.263,-17.942
-16.04,-17.536
-16.224,-16.023
-16.477,-16.212
-16.518,-16.328
-16.697,-16.539
-16.433,-15.999
-17.481,-17.814
-16.678,-16.383
-15.186,-15.83
-17.784,-17.601
-17.707,-17.17
-14.719,-14.694
-16.305,-16.492
-17.783,-17.751
-17.301,-16.98
-17.218,-17.189
-16.316,-16.453
-15.833,-14.598
-16.039,-15.728
-16.495,-16.503
-16.682,-16.988
-16.095,-16.299
-15.409,-15.822
-16.297,-16.128
-15.032,-14.709
-16.316,-16.251
-16.735,-16.425
-18.176,-19.081
-15.958,-15.52
-16.079,-16.134
-14.978,-16.559
-15.594,-15.501
-16.916,-16.494
-16.446,-15.741
-17.743,-17.668
-18.075,-17.717
-17.222,-18.747
-18.539,-17.035
-15.613,-15.799
-17.044,-16.687
-16.198,-15.898
-17.812,-18.671
-16.484,-16.13
-17.078,-16.481
-15.66,-15.454
-15.415,-15.628
-15.718,-15.393
-15.842,-16.039
-16.215,-16.429
-18.21,-18.367
-15.972,-16.608
-14.951,-15.556
-17.382,-17.48
-15.828,-14.729
-16.258,-16.212
-17.21,-17.14
-16.082,-15.593
-17.901,-18.694
-15.07,-15.753
-18.46,-18.02
-16.987,-16.784
-18.671,-17.553
-16.089,-15.851
-14.793,-16.316
-16.552,-16.039
-15.228,-15.456
-15.867,-16.06
-16.738,-16.733
-16.643,-17.139
-15.39,-15.458
-18.652,-18.19
-16.083,-16.089
-17.631,-16.85
-17.338,-17.787
-15.962,-16.543
-18.303,-17.029
-15.994,-15.75
-17.281,-17.168
-16.739,-17.317
-14.085,-14.035
-17.77,-17.983
-15.711,-15.657
-18.251,-18.102
-16.467,-17.747
-16.98,-17.123
-14.946,-15.902
-16.814,-17.08
-14.898,-14.827
-15.619,-16.217
-16.869,-16.517
-15.235,-15.073
-15.601,-16.005
-17.699,-17.722
-15.407,-16.307
-15.4,-16.213
-17.01,-17.409
-16.56,-16.487
-17.483,-17.195
-16.885,-16.594
-14.518,-14.74
-15.88,-16.751
-16.162,-16.165
-16.967,-16.646
-16.655,-16.276
-16.98,-15.819
-16.668,-16.383
-17.34,-16.877
-17.248,-17.07
-16.671,-16.134
-16.876,-16.475
-16.685,-16.897
-16.612,-16.861
-17.084,-17.019
-15.774,-16.169
-14.062,-14.352
-17.503,-17.195
-16.242,-15.873
-16.019,-16.404
-17.429,-16.548
-18.455,-17.923
-14.726,-15.683
-17.841,-16.762
-18.072,-18.713
-15.857,-15.564
-17.187,-16.615
-17.584,-17.306
-16.487,-16.623
-17.269,-16.731
-15.662,-15.989
-18.432,-18.154
-17.319,-16.977
-16.97,-17.252
-16.195,-15.774
-15.518,-14.91
-18.344,-18.498
-14.422,-14.342
-17.867,-16.44
-15.167,-15.196
-16.047,-15.671
-16.717,-16.73
-16.842,-16.959
-15.954,-15.743
-16.315,-17.018
-16.72,-15.84
-17.57,-17.278
-15.414,-16.106
-15.952,-16.345
-18.557,-17.331
-15.212,-14.905
-17.851,-17.917
-16.815,-16.665
-15.84,-16.162
-15.723,-15.434
-15.117,-15.034
-13.859,-14.152
-17.134,-17.665
-17.926,-16.287
-18.375,-18.347
-16.219,-17.005
-16.235,-15.882
-16.994,-17.107
-15.675,-16.158
-16.985,-16.595
-16.171,-16.58
-17.182,-16.946
-15.244,-15.449
-16.558,-15.33
-16.04,-15.6
-17.133,-17.055
-15.174,-15.068
-17.694,-17.168
-17.932,-17.889
-15.667,-16.272
-16.716,-17.279
-17.131,-16.775
-16.601,-15.979
-17.225,-16.483
-16.236,-15.983
-17.685,-18.38
-16.597,-16.679
-16.001,-16.097
-15.974,-16.151
-17.455,-17.227
-13.734,-13.706
-15.454,-15.302
-17.014,-17.226
-16.89,-16.131
-16.978,-16.953
-17.024,-16.595
-16.752,-15.71
-15.49,-15.441
-16.61,-16.681
-19.125,-19.176
-18.289,-18.043
-15.424,-15.525
-16.742,-16.898
-15.244,-15.412
-15.858,-15.53
-16.935,-16.767
-15.755,-16.31
-14.923,-14.896
-17.734,-17.538
-16.438,-16.026
-15.237,-15.448
-15.59,-15.989
-16.977,-17.072
-17.221,-16.934
-15.231,-15.157
-15.792,-15.845
-14.765,-14.945
-14.315,-15.689
-16.478,-16.579
-16.794,-16.308
-15.528,-15.705
-15.897,-15.941
-16.135,-16.25
-17.122,-16.519
-15.268,-15.289
-16.157,-16.035
-17.883,-17.087
-16.074,-16.028
-18.363,-17.557
-17.917,-17.09
-15.499,-15.297
-17.266,-17.173
-16.865,-16.475
-15.828,-16.193
-15.782,-15.517
-15.867,-17.019
-17.084,-16.564
-15.419,-15.112
-16.223,-16.721
-15.477,-15.803
-19.507,-18.534
-15.716,-16.001
-14.558,-14.507
-17.411,-17.487
-16.174,-15.784
-17.271,-18.865
-18.049,-17.291
-16.28,-16.226
-14.712,-14.723
-15.827,-15.744
-16.492,-16.69
-17.34,-17.958
-14.789,-15.38
-16.398,-15.92
-16.341,-16.441
-19.483,-19.161
-16.088,-16.53
-14.584,-14.898
-16.929,-17.047
-16.598,-16.192
-17.647,-17.507
-16.232,-16.56
-16.102,-16.119
-16.558,-16.594
-17.941,-18.028
-17.921,-17.763
-16.818,-16.579
-18.328,-17.861
-15.494,-15.78
-17.204,-17.906
-16.049,-15.609
-16.52,-15.803
-16.29,-15.99
-17.03,-17.925
-16.68,-18.06
-15.238,-15.657
-17.972,-17.901
-17.99,-18.657
-16.72,-16.392
-15.507,-15.397
-15.015,-14.979
-17.04,-16.192
-14.756,-14.659
-16.07,-15.596
-16.11,-16.329
-15.201,-14.385
-16.083,-15.868
-16.632,-18.231
-15.235,-15.386
-17.6,-16.094
-17.312,-17.698
-19.45,-19.069
-16.72,-16.818
-16.144,-14.527
-16.428,-16.497
-16.769,-16.092
-17.863,-17.581
-15.489,-15.786
-15.323,-14.963
-13.976,-14.23
-17.425,-17.287
-17.034,-17.315
-16.891,-17.345
-15.427,-15.76
-16.437,-16.022
-17.076,-17.906
-14.406,-14.938
-14.874,-14.896
-16.194,-15.902
-15.208,-15.166
-17.583,-17.572
-16.662,-16.116
-17.05,-16.33
-15.967,-16.915
-15.471,-15.186
-16.185,-16.196
-14.919,-15.59
-15.572,-16.611
-16.028,-15.885
-17.366,-16.731
-16.075,-16.946
-16.569,-16.256
-17.185,-17.393
-15.553,-15.615
-16.861,-17.156
-16.606,-16.595
-17.266,-18.276
-16.764,-16.028
-17.427,-16.982
-17.548,-17.376
-15.812,-16.183
-15.395,-15.615
-15.814,-15.799
-16.76,-16.003
-16.042,-15.793
-16.959,-17.46
-15.978,-16.416
-14.681,-15.421
-15.489,-15.586
-16.548,-16.161
-15.661,-15.938
-16.793,-17.167
-13.818,-13.84
-16.875,-16.855
-17.116,-16.752
-17.386,-18.02
-16.283,-15.512
-15.64,-15.45
-16.787,-17.636
-17.867,-17.254
-17.464,-16.977
-18.86,-17.299
-15.386,-15.631
-16.382,-16.554
-15.78,-15.893
-15.875,-15.637
-16.319,-16.319
-16.755,-16.508
-14.742,-14.705
-14.384,-14.175
-15.938,-16.209
-16.653,-16.805
-17.918,-17.833
-14.71,-14.948
-15.497,-15.328
-16.495,-16.654
-16.919,-16.706
-16.562,-16.224
-17.63,-17.256
-16.238,-16.537
-17.166,-17.172
-16.594,-17.482
-15.803,-16.332
-16.111,-17.276
-15.444,-15.591
-16.949,-17.082
-16.46,-16.269
-15.238,-15.238
-16.371,-16.344
-16.397,-16.591
-17.797,-16.73
-16.818,-16.737
-16.054,-16.705
-15.159,-15.751
-16.011,-16.394
-15.897,-15.293
-16.104,-16.177
-15.749,-15.289
-16.679,-15.689
-15.743,-15.162
-16.535,-16.13
-17.227,-17.337
-14.729,-15.026
-18.092,-18.67
-17.18,-17.244
-16.335,-17.479
-17.619,-17.139
-16.328,-16.247
-17.547,-17.454
-15.589,-16.01
-16.378,-16.366
-17.177,-16.956
-15.749,-16.267
-14.513,-15.174
-17.383,-18.627
-17.145,-17.513
-15.47,-15.979
-13.924,-13.982
-15.901,-16.235
-16.463,-16.525
-16.029,-15.698
-18.211,-18.531
-14.825,-14.694
-16.819,-16.765
-20.108,-19.41
-15.575,-15.444
-16.506,-16.014
-17.574,-17.473
-13.967,-14.182
-16.273,-17.186
-16.312,-16.111
-17.486,-16.786
-16.288,-16.924
-18.315,-17.736
-16.439,-16.231
-18.943,-18.756
-18.103,-18.174
-15.459,-15.686
-16.65,-16.577
-16.832,-15.832
-15.17,-14.89
-18.26,-17.393
-16.405,-16.152
-15.495,-15.654
-15.483,-14.719
-16.319,-16.53
-17.252,-17.042
-15.665,-15.728
-18.94,-19.658
-15.768,-16.653
-17.708,-18.817
-17.194,-17.172
-17.257,-17.515
-14.059,-14.47
-16.686,-16.055
-15.743,-16.506
-16.551,-16.666
-14.802,-14.786
-17.152,-16.736
-18.165,-18.692
-17.344,-17.887
-17.404,-16.909
-14.065,-13.943
-16.805,-17.05
-15.268,-15.569
-18.143,-17.631
-15.015,-14.904
-15.703,-16.45
-17.721,-17.325
-16.119,-15.889
-16.13,-16.22
-15.624,-15.903
-16.133,-16.203
-16.488,-16.168
-15.903,-15.842
-18.648,-19.211
-18.895,-17.413
-16.993,-17.349
-16.894,-16.953
-15.375,-15.914
-14.349,-14.5
-16.879,-15.864
-18.73,-17.29
-16.577,-17.179
-17.76,-17.14
-17.49,-17.393
-16.207,-16.167
-15.293,-15.802
-15.831,-15.891
-17.89,-17.894
-15.749,-14.764
-16.215,-16.251
-17.618,-17.694
-16.469,-17.661
-15.277,-15.968
-17.51,-17.745
-16.32,-16.01
-16.318,-16.21
-18.989,-18.605
-16.954,-15.263
-17.625,-17.297
-16.609,-16.356
-19.072,-18.018
-17.31,-18.021
-15.064,-14.781
-16.47,-17.797
-15.93,-15.804
-15.48,-15.339
-19.541,-19.045
-15.566,-15.85
-15.9,-16.211
-20.241,-19.476
-17.424,-17.295
-17.557,-17.314
-14.773,-16.274
-15.821,-15.971
-15.815,-15.852
-16.413,-15.749
-17.378,-17.526
-16.77,-17.129
-16.275,-15.969
-16.583,-15.775
-16.121,-15.365
-15.815,-15.698
-16.324,-16.758
-15.501,-15.405
-15.489,-15.762
-16.205,-16.232
-15.609,-16.611
-15.652,-15.705
-16.572,-16.456
-14.813,-16.172
-17.614,-18.537
-15.435,-16.121
-16.081,-16.15
-17.116,-16.908
-16.387,-16.704
-21.267,-20.564
-16.376,-16.07
-16.206,-16.818
-15.58,-15.428
-16.549,-16.405
-16.17,-15.77
-17.068,-16.065
-16.595,-14.908
-15.865,-16.661
-16.52,-16.31
-16.861,-15.701
-15.889,-15.713
-15.914,-17.298
-17.45,-17.18
-16.121,-16.554
-16.41,-16.371
-15.906,-15.736
-17.765,-18.006
-16.697,-16.395
-15.526,-16.29
-17.822,-16.899
-18.332,-17.751
-13.949,-13.916
-18.043,-16.288
-16.441,-15.627
-15.69,-15.457
-18.422,-18.116
-17.136,-16.044
-15.495,-15.602
-16.862,-17.878
-16.191,-15.792
-15.281,-15.532
-16.576,-16.95
-17.609,-17.433
-16.02,-16.259
-16.789,-17.009
-14.424,-14.671
-16.667,-15.869
-16.894,-17.117
-15.524,-15.908
-17.207,-17.355
-17.233,-17.276
-16.733,-16.717
-14.952,-14.787
-15.894,-15.785
-17.1,-16.36
-15.982,-16.544
-16.852,-16.797
-16.053,-16.17
-18.18,-18.486
-15.825,-16.108
-14.39,-14.383
-16.227,-16.679
-16.994,-16.413
-16.288,-16.552
-15.338,-15.484
-16.233,-16.433
-15.738,-16.021
-17.092,-16.065
-15.733,-16
-16.408,-16.703
-17.73,-17.847
-16.265,-16.338
-15.349,-15.311
-16.987,-17.444
-16.012,-15.772
-15.026,-15.443
-17.401,-18.087
-15.463,-15.702
-15.084,-14.715
-16.877,-17.462
-17.827,-17.438
-16.373,-15.917
-17.562,-17.329
-15.122,-16.805
-17.118,-17.513
-16.021,-15.999
-14.795,-14.089
-14.862,-15.134
-16.575,-15.819
-18.255,-17.906
-16.624,-17.904
-16.77,-17.392
-16.026,-15.749
-17.151,-17.257
-16.754,-17.428
-18.767,-19.107
-14.557,-14.954
-16.896,-15.781
-15.373,-15.149
-16.214,-15.835
-15.495,-16.784
-20.038,-19.541
-14.114,-14.122
-19.358,-19.338
-16.72,-17.05
-15.303,-15.594
-15.505,-15.116
-14.204,-14.232
-17.856,-17.284
-17.059,-17.484
-16.639,-16.57
-15.308,-15.528
-16.812,-17.026
-14.984,-15.382
-15.908,-16.057
-16.589,-16.925
-15.157,-14.88
-17.644,-17.315
-16.772,-16.354
-17.542,-16.943
-16.721,-16.379
-15.753,-15.342
-18.027,-17.938
-17.662,-16.843
-16.985,-16.123
-16.141,-16.232
-16.675,-17.021
-19.759,-19.082
-15.901,-15.815
-15.55,-15.645
-15.387,-15.279
-16.142,-16.353
-16.427,-16.377
-15.659,-16.034
-15.814,-16.626
-16.447,-16.293
-16.995,-18.469
-17.645,-17.408
-18.343,-18.454
-15.66,-15.576
-17.248,-18.38
-16.394,-15.83
-15.374,-15.89
-14.786,-14.923
-15.303,-16.393
-16.9,-16.009
-15.948,-16.307
-15.821,-16.761
-15.035,-14.781
-18.895,-18.286
-16.015,-15.874
-17.33,-16.87
-17.939,-17.93
-16.014,-15.483
-16.131,-16.109
-16.464,-15.807
-18.312,-18.046
-16.858,-17.013
-16.977,-17.288
-14.732,-14.925
-16.252,-16.173
-14.803,-14.866
-17.576,-17.613
-17.306,-17.044
-13.843,-13.932
-15.745,-15.785
-17.053,-17.077
-16.145,-15.96
-16.254,-15.857
-15.89,-15.56
-16.499,-16.294
-15.776,-16.882
-15.74,-16.561
-16.222,-16.188
-16.304,-16.82
-15.055,-15.827
-14.833,-15.123
-16.204,-15.505
-13.989,-14.178
-16.266,-16.519
-18.914,-18.584
-15.225,-14.94
-16.641,-16.23
-17.165,-17.982
-16.444,-15.158
-16.389,-16.222
-17.24,-17.362
-16.19,-16.254
-16.052,-15.502
-14.628,-16.084
-15.5,-16.118
-17.501,-18.306
-14.714,-14.529
-15.831,-15.575
-17.218,-17.195
-17.365,-17.2
-15.034,-15.037
-17.445,-17.3
-16.034,-16.113
-16.217,-16.601
-16.149,-16.044
-17.438,-17.491
-15.209,-15.678
-16.372,-16.89
-18.458,-18.074
-15.499,-15.14
-19.302,-17.666
-17.686,-17.89
-15.197,-15.392
-15.33,-15.001
-16.246,-15.86
-16.093,-15.507
-18.705,-18.274
-16.135,-16.142
-16.437,-16.031
-16.129,-15.776
-16.721,-17.404
-15.795,-15.315
-16.992,-17.231
-14.007,-14.328
-16.818,-16.498
-15.374,-15.652
-15.523,-15.01
-16.802,-17.578
-16.382,-16.69
-16.44,-16.214
-15.216,-14.929
-18.003,-17.986
-16.226,-15.309
-17.473,-17.389
-17.243,-17.548
-17.207,-17.328
-15.658,-15.412
-16.631,-16.591
-17.798,-18.192
-18.298,-18.065
-15.324,-14.975
-17.79,-17.358
-16.302,-16.316
-14.878,-14.999
-18.653,-19.184
-17.585,-17.412
-15.666,-16.132
-16.483,-17.057
-16.686,-17.086
-16.654,-16.931
-15.747,-15.457
-16.884,-17.42
-17.826,-18.82
-17.845,-17.273
-16.384,-17.557
-16.527,-16.308
-15.463,-16.764
-17.692,-18.089
-17.271,-17.681
-18.111,-18.346
-16.443,-16.978
-16.687,-16.687
-15.526,-15.289
-16.311,-16.455
-15.997,-15.986
-14.887,-14.863
-19.272,-19.852
-16.596,-15.996
-14.787,-15.066
-18.345,-17.908
-14.708,-15.382
-16.176,-15.869
-18.191,-18.778
-17.304,-17.153
-16.851,-17.127
-17.718,-16.649
-16.205,-15.825
-16.054,-15.778
-15.711,-15.568
-16.019,-16.06
-16.081,-15.612
-14.658,-15.227
-15.998,-15.57
-15.385,-15.314
-16.425,-16.43
-15.824,-15.846
-17.661,-17.972
-15.818,-16.147
-17.299,-16.08
-16.543,-16.942
-18.882,-18.293
-16.354,-16.697
-15.431,-15.538
-16.199,-16.167
-15.815,-16.151
-18.122,-17.815
-16.435,-16.677
-14.35,-14.45
-14.568,-15.908
-16.009,-16.404
-16.634,-16.466
-15.873,-15.328
-16.723,-16.289
-15.49,-15.35
-16.837,-15.709
-16.079,-16.398
-17.52,-17.015
-16.473,-16.242
-16.595,-17.101
-15.807,-17.046
-15.328,-15.328
-17.217,-17.606
-16.091,-16.133
-16.954,-16.293
-16.01,-15.003
-16.442,-16.625
-14.868,-15.087
-16.176,-16.497
-15.155,-16.361
-17.412,-17.404
-15.885,-15.826
-16.494,-16.113
-17.382,-17.412
-15.23,-15.265
-15.894,-16.419
-15.974,-16.35
-15.398,-15.285
-15.186,-14.633
-15.734,-15.281
-15.742,-15.779
-15.369,-15.406
-13.956,-14.078
-14.761,-14.861
-16.529,-17.632
-15.687,-15.819
-17.258,-17.135
-16.723,-16.836
-16.569,-16.336
-15.844,-16.818
-16.076,-16.3
-15.309,-15.912
-16.253,-16.157
-15.984,-16.189
-16.244,-15.969
-16.403,-16.826
-18.289,-18.425
-17.983,-17.949
-15.334,-16.005
-16.266,-16.753
-16.364,-16.246
-16.577,-17.285
-14.173,-14.839
-15.388,-15.659
-15.591,-16.038
-18.827,-19.139
-16.638,-16.021
-17.191,-17.007
-16.442,-17.632
-16.228,-16.308
-16.487,-16.994
-16.234,-15.08
-15.49,-15.588
-16.223,-15.341
-18.82,-17.557
-17.893,-17.904
-16.418,-16.771
-17.415,-17.959
-16.627,-16.921
-16.88,-15.126
-16.271,-15.854
-15.356,-15.14
-14.921,-14.559
-17.805,-17.132
-18.827,-18.191
-16.96,-17.343
-17.166,-16.412
-15.991,-16.006
-16.836,-16.949
-19.136,-18.293
-16.01,-16.247
-17.051,-16.835
-18.14,-18.098
-15.722,-16.281
-16.35,-16.295
-18.698,-18.024
-15.216,-15.01
-18.573,-17.071
-17.376,-17.645
-14.603,-15.805
-16.861,-16.427
-16.223,-16.039
-15.882,-15.36
-17.159,-16.156
-16.659,-16.787
-16.27,-15.851
-17.298,-16.848
-16.402,-16.469
-16.289,-16.726
-16.263,-16.705
-15.448,-15.393
-17.513,-17.469
-17.74,-17.689
-17.121,-15.815
-17.397,-16.955
-16.178,-16.63
-16.071,-16.507
-17.402,-17.445
-16.903,-16.837
-16.044,-16.646
-15.432,-15.416
-16.196,-16.391
-16.621,-16.329
-16.721,-16.384
-16.674,-17.581
-16.58,-16.225
-15.731,-16.184
-14.806,-14.664
-19.2,-18.13
-18.617,-19.038
-19.853,-18.801
-16.813,-16.941
-16.226,-16.079
-15.512,-15.84
-16.965,-16.298
-15.927,-16.431
-19.14,-18.798
-16.166,-16.742
-15.256,-14.921
-16.047,-15.505
-14.411,-14.439
-17.668,-17.657
-17.643,-17.27
-15.231,-14.88
-17.511,-17.701
-15.238,-15.8
-17.205,-17.659
-15.896,-15.468
-17.708,-17.603
-15.599,-15.941
-17.168,-17.758
-16.59,-16.14
-16.762,-17.242
-15.869,-15.582
-15.823,-15.685
-14.575,-14.568
-16.18,-16.272
-17.029,-17.527
-15.188,-15.238
-14.521,-14.735
-16.975,-17.375
-16.56,-15.473
-17.458,-19.127
-14.493,-14.588
-16.348,-16.153
-16.339,-16.544
-17.602,-16.557
-15.572,-15.625
-16.217,-17.055
-17.348,-17.18
-15.742,-16.065
-15.185,-15.292
-13.996,-13.876
-16.252,-16.45
-15.51,-15.016
-18.542,-18.345
-16.842,-16.443
-17.256,-17.938
-16.404,-15.895
-15.731,-15.533
-17.818,-18.552
-16.357,-16.613
-16.163,-16.635
-18.024,-18.3
-16.659,-16.737
-16.942,-18.1
-16.4,-16.022
-15.455,-15.134
-15.791,-15.826
-15.673,-15.586
-15.686,-15.731
-15.934,-15.733
-17.66,-17.623
-16.308,-17.17
-15.476,-15.528
-17.478,-17.408
-15.808,-16.353
-17.636,-16.757
-15.695,-15.582
-15.622,-16.851
-16.134,-16.328
-18.734,-17.867
-18.39,-17.834
-15.172,-15.105
-18.249,-18.285
-15.065,-15.074
-18.077,-18.111
-15.473,-15.932
-16.424,-17.027
-17.294,-16.758
-15.969,-15.568
-16.231,-17.804
-15.745,-15.055
-15.706,-16.475
-17.488,-17.204
-16.899,-16.775
-16.269,-16.293
-15.803,-15.312
-19.346,-18.83
-16.308,-16.724
-16.234,-16.614
-17.111,-16.921
-17.682,-17.427
-17.905,-18.129
-15.48,-15.799
-18.206,-17.922
-15.975,-16.154
-16.71,-16.194
-18.497,-18.831
-16.622,-17.016
-16.597,-16.145
-16.251,-15.81
-16.028,-16.25
-16.831,-16.42
-15.145,-15.805
-16.034,-15.93
-16.11,-16.5
-17.276,-17.292
-15.925,-16.044
-15.73,-16.068
-15.647,-16.202
-16.944,-17.805
-16.792,-16.03
-18.904,-17.998
-16.447,-16.357
-16.901,-16.771
-16.565,-16.569
-16.635,-16.668
-16.188,-15.375
-16.902,-15.47
-17.223,-16.991
-15.338,-15.63
-17.616,-16.6
-17.396,-17.741
-17.368,-17.366
-15.898,-15.457
-17.454,-17.525
-17.736,-17.469
-16.108,-15.291
-16.078,-15.91
-16.949,-16.056
-15.601,-16.209
-15.97,-16.184
-16.374,-17.122
-17.764,-17.952
-15.654,-15.652
-18.043,-18.837
-16.426,-17.321
-17.694,-17.917
-15.414,-15.145
-15.769,-15.722
-17.37,-17.378
-17.195,-17.539
-17.628,-17.692
-17.07,-17.24
-15.422,-15.95
-15.717,-15.194
-17.19,-17.049
-16.157,-15.901
-15.922,-15.482
-15.338,-15.323
-16.002,-17.017
-15.718,-15.496
-16.653,-16.547
-16.298,-15.807
-17.221,-17.4
-16.369,-16.904
-16.309,-16.343
-16.098,-16.057
-19.211,-18.81
-16.751,-16.322
-18.462,-19.072
-16.048,-15.527
-17.152,-16.852
-16.684,-16.009
-17.362,-16.637
-16.368,-16.456
-16.954,-17.26
-14.145,-14.191
-16.195,-15.816
-16.137,-16.59
-16.908,-17.328
-16.978,-16.604
-13.962,-14.044
-16.796,-16.315
-17.441,-17.005
-16.448,-16.017
-15.236,-15.736
-15.303,-15.879
-17.192,-17.117
-17.531,-17.742
-17.389,-17.313
-17.054,-18.555
-15.846,-15.867
-17.297,-16.698
-17.007,-17.66
-16.671,-16.194
-15.279,-15.722
-16.362,-15.962
-17.713,-18.262
-16.267,-15.992
-15.775,-16.216
-18.338,-17.184
-17.939,-18.689
-16.42,-16.664
-15.191,-16.108
-16.547,-15.9
-18.472,-18.306
-16.285,-16.548
-14.494,-14.452
-16.73,-17.673
-16.402,-16.037
-17.795,-17.708
-17.049,-16.17
-17.026,-16.794
-18.966,-18.005
-16.231,-16.389
-15.425,-15.107
-14.481,-14.402
-16.72,-16.926
-16.648,-16.81
-15.135,-15.342
-15.287,-15.539
-15.563,-16.218
-16.148,-15.89
-14.717,-14.9
-17.335,-17.54
-14.3,-14.603
-17.245,-17.165
-16.742,-17.042
-14.009,-14.092
-16.809,-17.592
-17.739,-18.828
-15.993,-16.638
-16.656,-16.503
-15.775,-15.813
-15.738,-15.592
-16.193,-15.369
-15.335,-16.108
-16.956,-16.623
-17.139,-16.663
-15.583,-16.963
-16.415,-16.122
-17.992,-17.465
-17.237,-17.564
-15.921,-16.003
-16.239,-16.136
-15.911,-16.058
-14.235,-14.192
-16.209,-16.281
-17.377,-17.735
-15.968,-16.548
-18.171,-18.101
-17.855,-18.205
-17.061,-17.321
-15.897,-17.696
-19.192,-18.41
-15.018,-15.463
-17.054,-16.707
-15.364,-15.264
-16.542,-15.632
-16.037,-16.363
-15.769,-16.054
-15.737,-16.429
-17.269,-17.335
-18.587,-18.318
-16.405,-15.923
-18.007,-18.164
-16.565,-15.77
-16.226,-15.808
-16.694,-16.83
-16.38,-15.429
-15.95,-16.116
-17.771,-18.015
-14.857,-15.072
-15.158,-14.983
-15.808,-15.479
-16.097,-16.632
-18.886,-19.328
-17.709,-17.953
-17.852,-16.938
-17.007,-16.583
-15.784,-15.348
-16.354,-16.293
-15.34,-15.566
-16.234,-16.032
-16.452,-17.402
-14.796,-14.764
-16.487,-15.623
-14.457,-14.535
-16.27,-16.404
-17.731,-16.199
-15.389,-14.833
-15.609,-15.72
-16.416,-16.926
-15.962,-16.384
-14.608,-15.176
-17.17,-17.086
-17.883,-17.489
-16.396,-16.388
-15.637,-16.642
-14.402,-14.368
-16.414,-16.953
-16.439,-16.391
-16.102,-16.18
-16.393,-16.719
-17.735,-17.378
-16.005,-16.084
-18.478,-17.448
-16.429,-16.618
-15.579,-15.127
-17.262,-17.765
-16.903,-16.867
-15.88,-15.785
-16.285,-16.372
-16.311,-16.358
-17.684,-17.67
-16.835,-16.236
-15.031,-14.965
-14.937,-14.475
-16.522,-17.657
-16.35,-16.532
-17.569,-17.561
-17.157,-17.134
-18,-17.537
-15.529,-16.573
-18.401,-17.858
-15.967,-16.602
-17.014,-17.217
-15.766,-15.91
-17.485,-18.328
-15.72,-16.015
-15.587,-15.282
-16.731,-17.835
-14.605,-14.619
-14.339,-14.193
-15.465,-15.455
-16.726,-17.127
-16.306,-16.161
-14.755,-14.294
-17.866,-17.099
-15.971,-15.385
-17.244,-17.103
-16.12,-16.664
-16.282,-15.349
-15.728,-16.335
-17.52,-16.454
-16.815,-16.124
-17.406,-17.879
-18.468,-18.008
-16.717,-16.346
-19.473,-19.147
-17.78,-18.479
-17.116,-17.67
-17.84,-17.446
-16.103,-16.007
-16.148,-15.992
-17.312,-17.474
-16.241,-16.041
-18.838,-18.435
-18.05,-17.055
-17.988,-16.084
-16.141,-16.3
-17.321,-16.675
-17.047,-16.962
-15.289,-15.022
-18.665,-19.157
-15.546,-14.725
-16.453,-15.865
-16.587,-16.541
-16.723,-16.738
-16.429,-16.112
-17.495,-17.254
-15.852,-15.363
-16.611,-16.411
-16.675,-16.216
-18.178,-18.572
-15.547,-16.2
-17.567,-16.467
-15.971,-16.359
-17.928,-17.543
-14.985,-14.51
-15.141,-15.547
-17.023,-16.551
-16.447,-16.395
-16.69,-16.811
-16.261,-15.861
-15.969,-16.345
-15.723,-16.003
-17.736,-17.985
-15.988,-16.216
-17.138,-16.142
-16.474,-16.347
-16.425,-16.113
-15.083,-15.177
-15.439,-15.599
-15.94,-16.382
-17.139,-16.636
-16.943,-16.325
-16.336,-16.211
-14.52,-14.544
-15.084,-15.895
-17.892,-17.538
-15.588,-15.655
-17.123,-16.585
-16.034,-16.391
-15.963,-15.936
-17.522,-16.73
-15.724,-16.158
-15.948,-16.197
-17.659,-18.127
-16.325,-15.748
-16.28,-15.922
-17.304,-17.317
-16.355,-17.379
-17.485,-17.113
-16.905,-16.576
-16.656,-16.584
-16.862,-17.821
-17.817,-17.671
-16.069,-16.475
-15.374,-15.481
-16.192,-15.748
-16.298,-16.764
-14.676,-14.355
-16.149,-16.343
-17.112,-17.492
-16.446,-16.918
-16.701,-16.349
-15.943,-15.835
-14.699,-14.481
-15.828,-15.633
-16.261,-15.867
-16.09,-16.166
-15.876,-15.763
-16.328,-16.601
-15.299,-15.274
-16,-15.989
-14.468,-14.32
-16.193,-16.321
-15.602,-13.875
-14.949,-15.781
-15.853,-16.204
-14.332,-14.756
-16.456,-16.527
-16.993,-16.823
-16.628,-16.546
-16.254,-16.387
-15.471,-15.603
-16.784,-16.427
-16.29,-16.403
-16.103,-15.925
-16.723,-17.385
-17.67,-17.289
-16.593,-16.668
-16.188,-16.663
-16.266,-16.668
-17.044,-16.378
-16.109,-16.377
-20.548,-20.267
-16.686,-16.75
-16.547,-16.723
-16.843,-16.658
-15.038,-15.405
-16.043,-16.661
-15.682,-15.951
-16.351,-16.025
-18.516,-17.502
-18.028,-17.903
-15.525,-15.183
-17.918,-17.175
-16.079,-15.458
-16.301,-15.718
-15.539,-15.926
-15.567,-15.638
-15.146,-15.68
-15.34,-15.701
-14.814,-15.196
-15.966,-15.883
-15.028,-14.873
-17.966,-18.517
-15.973,-16.104
-16.222,-16.151
-15.546,-15.491
-16.913,-16.926
-16.502,-15.977
-15.776,-16.151
-16.466,-16.459
-15.262,-14.831
-17.332,-16.489
-17.295,-16.547
-15.978,-15.936
-15.939,-16.059
-16.247,-16.418
-18.001,-18.085
-16.767,-16.936
-16.367,-16.125
-15.699,-15.456
-15.516,-15.412
-15.906,-15.77
-18.616,-18.24
-16.584,-16.393
-16.267,-16.694
-15.966,-15.375
-17.873,-18.166
-15.823,-15.725
-15.592,-15.786
-17.318,-17.513
-16.59,-16.504
-16.052,-15.71
-17.067,-16.474
-16.877,-17.121
-14.96,-14.833
-16.421,-16.335
-19.185,-18.499
-16.839,-16.789
-18.338,-17.595
-18.533,-18.58
-17.968,-17.905
-16.022,-15.77
-16.585,-16.514
-16.84,-16.908
-16.96,-16.025
-16.507,-16.594
-15.863,-16.02
-16.431,-16.17
-15.128,-15.099
-17.219,-17.098
-16.229,-15.392
-16.31,-16.242
-16.368,-16.204
-19.588,-20.118
-17.685,-17.425
-16.698,-16.919
-17.069,-17.618
-14.891,-15.367
-16.401,-16.992
-16.413,-16.063
-16.055,-15.789
-15.634,-16.26
-17.763,-17.819
-17.784,-17.11
-16.391,-16.512
-15.967,-15.824
-16.452,-16.984
-15.313,-15.595
-15.839,-16.038
-16.954,-16.3
-16.368,-16.785
-14.881,-15.573
-18.498,-18.424
-15.083,-15.193
-17.933,-17.066
-15.208,-15.494
-17.997,-18.346
-15.754,-16.443
-16.114,-15.885
-15.748,-16.194
-16.939,-16.764
-14.986,-15.591
-17.686,-17.94
-18.317,-18.46
-16.55,-16.453
-17.008,-16.606
-17.432,-16.025
-14.66,-14.532
-18.988,-17.43
-16.276,-16.136
-15.689,-15.776
-16.629,-16.666
-17.006,-16.788
-15.622,-16.032
-16.636,-15.933
-17.551,-17.722
-15.899,-16.368
-15.276,-15.757
-17.226,-16.933
-14.755,-14.715
-16.751,-16.263
-15.076,-15.044
-15.769,-15.852
-15.408,-15.421
-16.957,-16.6
-16.318,-16.576
-18.258,-19.338
-17.515,-18.42
-16.548,-17.133
-16.779,-16.321
-16.298,-16.444
-17.421,-17.291
-16.777,-16.392
-15.215,-16.091
-17.949,-17.815
-14.628,-14.631
-16.318,-15.861
-15.307,-14.88
-17.12,-17.079
-15.274,-15.903
-16.345,-16.125
-15.776,-16.266
-17.424,-17.627
-15.223,-14.814
-16.259,-16.647
-18.669,-18.478
-15.545,-15.594
-18.284,-18.003
-15.701,-16.023
-16.776,-16.258
-16.303,-16.604
-16.402,-16.146
-16.628,-17.675
-16.586,-16.73
-15.965,-16.488
-16.113,-15.948
-16.065,-16.12
-15.556,-15.226
-16.335,-15.99
-16.738,-16.626
-15.563,-15.504
-14.892,-14.764
-17.586,-17.593
-17.537,-17.501
-17.716,-17.9
-14.911,-14.941
-18.184,-18.039
-16.123,-17.476
-19.423,-19.053
-15.531,-15.057
-17.532,-17.375
-17.66,-16.962
-16.951,-16.593
-14.782,-15.251
-15.44,-15.192
-17.537,-17.629
-17.084,-16.837
-16.355,-16.152
-15.413,-16.131
-17.688,-17.114
-15.797,-16.321
-16.13,-15.546
-17.002,-16.817
-17.776,-17.528
-20.126,-19.431
-15.635,-16.372
-16.91,-17.042
-14.01,-14.034
-16.436,-16.331
-16.065,-16.693
-17.733,-17.327
-16.636,-16.594
-15.472,-15.656
-16.187,-15.761
-17.215,-17.206
-16.749,-16.355
-15.901,-15.995
-16.587,-16.24
-19.647,-20.365
-17.15,-16.616
-15.293,-16.256
-16.373,-16.608
-15.419,-15.264
-16.169,-16.231
-15.765,-16.308
-15.707,-15.466
-17.538,-18.159
-17.207,-17.343
-17.605,-17.345
-19.132,-18.54
-16.656,-17.006
-17.68,-18.043
-17.096,-17.959
-14.776,-15.493
-16.638,-16.54
-16.883,-17.113
-15.522,-15.669
-16.138,-15.565
-15.831,-16.35
-15.998,-16.064
-17.054,-16.964
-16.774,-16.643
-16.149,-16.319
-16.16,-15.691
-17.287,-17.166
-16.206,-16.275
-17.988,-17.796
-14.598,-15.508
-16.077,-16.027
-16.474,-17.436
-16.544,-17.046
-15.121,-15.34
-16.439,-17.244
-15.584,-15.385
-17.868,-16.847
-15.541,-16.184
-15.006,-15.532
-16.854,-17.262
-14.194,-14.306
-17.952,-18.313
-16.812,-16.374
-15.563,-16.137
-17.413,-17.26
-16.563,-16.278
-16.067,-16.55
-16.056,-16.266
-15.983,-16.631
-16.305,-16.255
-18.355,-18.565
-17.526,-17.546
-15.58,-15.637
-15.899,-15.511
-15.801,-15.225
-16.893,-16.367
-17.77,-17.75
-15.245,-15.393
-17.726,-17.945
-18.209,-18.704
-15.204,-14.922
-15.345,-15.685
-15.065,-15.914
-14.422,-14.395
-16.27,-16.822
-16.728,-16.431
-16.749,-15.538
-16.562,-16.579
-17.245,-17.283
-18.167,-17.243
-15.573,-16.12
-15.802,-15.818
-16.935,-17.28
-14.071,-14.395
-18.715,-17.074
-15.572,-15.742
-15.815,-16.38
-16.727,-16.827
-17.33,-17.322
-17.754,-17.725
-18.531,-17.814
-16.926,-16.607
-16.036,-17.055
-18.206,-18.748
-15.409,-15.447
-17.353,-17.435
-15.858,-15.785
-15.353,-15.476
-18.385,-18.402
-14.389,-14.452
-16.026,-15.955
-16.737,-16.768
-16.802,-16.545
-17.165,-16.297
-15.5,-16.346
-15.69,-15.257
-15.507,-15.517
-15.984,-16.225
-15.034,-15.239
-14.099,-14.132
-14.946,-15.235
-16.105,-16.28
-17.007,-17.084
-16.591,-16.713
-17.482,-17.153
-17.188,-15.975
-18.217,-16.611
-16.406,-15.883
-15.546,-16.396
-17.396,-16.686
-15.559,-16.262
-16.316,-16.606
-17.367,-16.948
-17.093,-17.378
-17.011,-16.581
-18.32,-17.876
-17.211,-16.745
-15.129,-15.068
-17.76,-17.862
-16.316,-16.174
-19.07,-19.459
-19.197,-19.141
-16.063,-15.817
-16.194,-16.624
-14.84,-15.067
-15.989,-15.653
-15.965,-16.125
-15.788,-15.685
-16.129,-15.985
-16.737,-16.38
-18.192,-18.587
-16.56,-17.272
-15.777,-16.442
-15.452,-15.547
-14.522,-14.619
-18.259,-17.879
-14.586,-14.772
-18.028,-18.071
-16.256,-16.55
-16.345,-16.543
-16.483,-16.43
-15.995,-14.792
-13.964,-14.158
-16.019,-15.644
-16.349,-16.493
-14.634,-15.092
-15.038,-14.838
-16.312,-17.095
-16.121,-15.837
-15.412,-15.231
-18.058,-17.209
-16.97,-17.441
-16.17,-16.241
-19.132,-19.436
-17.143,-16.798
-14.077,-13.801
-15.341,-14.894
-16.932,-17.194
-14.995,-15.634
-15.881,-15.186
-17.71,-18.28
-14.864,-15.221
-15.195,-15.137
-17.302,-17.493
-15.744,-16.637
-15.387,-15.873
-16.627,-16.026
-17.014,-17.288
-17.025,-17.056
-17.75,-16.538
-15.214,-15.187
-16.883,-16.655
-15.482,-15.659
-16.518,-16.74
-17.934,-17.683
-17.117,-17.58
-16.518,-16.207
-15.745,-16.323
-16.889,-16.839
-16.513,-17.044
-16.926,-16.625
-15.83,-16.083
-17.312,-18.279
-15.76,-16.539
-16.247,-17.024
-15.215,-15.118
-16.71,-16.757
-16.018,-16.049
-16.009,-16.793
-15.595,-15.711
-14.315,-14.504
-17.793,-17.103
-17.382,-17.024
-16.599,-16.636
-16.547,-15.975
-15.857,-16.369
-17.853,-18.552
-14.541,-14.913
-15.875,-15.552
-14.62,-14.319
-16.392,-16.558
-16.462,-16.711
-16.938,-17.195
-15.629,-15.675
-18.94,-18.248
-16.195,-16.224
-15.927,-15.932
-17.619,-17.536
-14.757,-14.78
-17.813,-17.628
-14.598,-14.685
-16.759,-16.474
-17.053,-16.83
-15.322,-15.288
-15.363,-15.438
-16.034,-15.527
-17.331,-17.139
-14.772,-14.518
-15.894,-15.391
-17.123,-17
-17.287,-17.568
-16.97,-16.816
-16.949,-15.939
-17.5,-17.795
-15.805,-14.76
-16.056,-16.319
-17.537,-17.593
-14.721,-14.552
-15.784,-15.945
-16.371,-17.405
-16.466,-15.825
-16.978,-16.967
-16.55,-16.84
-16.632,-16.81
-15.203,-15.114
-16.28,-15.98
-17.012,-16.456
-15.88,-16.221
-15.621,-15.693
-17.035,-17.395
-15.659,-15.837
-16.455,-16.307
-16.139,-16.621
-18.314,-18.362
-15.632,-15.079
-15.407,-15.69
-15.857,-15.91
-15.128,-15.642
-16.558,-16.101
-14.618,-15.33
-14.699,-15.415
-18.584,-18.414
-17.77,-18.522
-17.08,-17.232
-14.317,-14.671
-15.254,-14.957
-16.789,-17.033
-17.486,-16.11
-17.309,-17.166
-15.003,-15.466
-16.414,-16.525
-16.241,-15.717
-17.715,-17.994
-18.599,-17.251
-16.364,-16.276
-14.275,-14.587
-16.707,-17.775
-16.086,-16.03
-17.444,-17.92
-16.13,-16.246
-15.202,-15.943
-15.278,-16.155
-16.282,-16.59
-16.747,-17.299
-16.873,-16.704
-15.523,-15.83
-15.928,-16.227
-16.489,-17.495
-18.282,-17.849
-17.603,-16.377
-18.241,-18.399
-15.959,-15.841
-16.624,-16.021
-18.054,-18.121
-17.719,-17.356
-18.383,-18.113
-18.045,-18.326
-17.421,-17.879
-17.391,-17.219
-15.194,-15.42
-14.925,-15.012
-15.718,-15.565
-15.941,-16.355
-16.408,-16.587
-15.768,-15.661
-16.173,-16.611
-16.453,-16.842
-14.358,-14.753
-15.695,-16.155
-15.893,-15.916
-15.113,-15.237
-16.153,-16.297
-17.899,-17.077
-15.685,-16.264
-15.667,-16.915
-16.223,-16.175
-17.119,-17.309
-15.632,-15.635
-17.353,-18.534
-16.764,-17.122
-16.268,-16.727
-16.571,-16.995
-18.212,-18.74
-16.121,-17.067
-17.294,-16.631
-17.181,-17.006
-15.711,-15.669
-16.282,-16.258
-14.929,-15.586
-13.71,-13.623
-18.659,-18.19
-17.513,-16.841
-17.205,-16.485
-16.558,-16.753
-17.701,-18.149
-18.52,-18.865
-17.544,-19.025
-15.954,-15.915
-18.229,-17.982
-16.078,-15.933
-15.921,-15.484
-17.17,-16.651
-15.209,-15.298
-17.916,-18.767
-16.164,-15.787
-16.967,-16.521
-16.544,-16.661
-15.504,-15.257
-17.609,-17.437
-15.592,-15.454
-16.675,-15.328
-14.868,-15.43
-16.61,-16.557
-16.06,-15.911
-18.587,-18.764
-16.275,-17.381
-15.741,-15.929
-15.391,-15.609
-17.134,-17.127
-17.34,-17.311
-16.442,-16.115
-15.443,-15.353
-17.663,-17.825
-15.517,-15.163
-16.299,-16.143
-15.742,-15.924
-14.988,-15.011
-18.106,-18.265
-15.332,-16.356
-16.501,-16.142
-17.286,-17.145
-15.313,-15.609
-16.094,-15.712
-16.402,-15.817
-16.936,-18.009
-17.197,-17.224
-15.67,-15.479
-15.708,-15.706
-15.64,-15.549
-14.179,-14.532
-15.225,-16.127
-16.291,-16.235
-18.861,-18.18
-16.37,-16.058
-15.895,-15.675
-17.768,-17.492
-17.507,-17.792
-16.955,-16.688
-16.508,-16.45
-17.801,-16.507
-15.965,-15.752
-17.093,-16.752
-15.245,-15.181
-18.274,-18.421
-16.825,-16.714
-15.907,-16.211
-15.719,-15.531
-16.817,-17.287
-15.268,-15.668
-16.312,-15.819
-16.698,-17.294
-17.074,-17.28
-16.224,-16.696
-16.243,-15.858
-15.623,-16.195
-14.634,-14.906
-17.6,-17.26
-16.587,-15.826
-17.346,-17.79
-16.525,-16.875
-16.844,-17.636
-16.718,-16.83
-18.406,-18.58
-15.564,-15.68
-14.691,-15.739
-17.541,-17.13
-17.607,-17.798
-15.64,-15.185
-15.527,-15.51
-16.993,-17.176
-16.782,-17.94
-16.61,-15.649
-15.866,-16.476
-16.371,-16.622
-15.809,-15.582
-17.268,-17.035
-17.765,-17.441
-16.494,-16.71
-17.226,-17.628
-16.3,-15.708
-16.624,-16.395
-16.814,-16.558
-14.685,-14.447
-17.378,-18.198
-15.768,-16.451
-16.687,-16.938
-16.453,-17.439
-17.694,-17.389
-14.49,-14.383
-15.811,-16.334
-16.98,-16.724
-16.99,-16.368
-15.373,-15.144
-15.408,-15.568
-16.546,-15.984
-16.599,-16.387
-15.428,-15.643
-16.551,-16.266
-15.725,-15.479
-16.377,-16.667
-17.343,-16.528
-17.536,-16.934
-16.458,-16.003
-16.483,-15.895
-16.379,-16.478
-17.494,-16.8
-15.466,-16.107
-14.556,-14.69
-19.567,-19.028
-14.675,-15.789
-17.831,-16.812
-15.74,-15.621
-16.464,-15.974
-15.458,-16.254
-15.474,-15.619
-16.224,-16.52
-15.048,-14.566
-17.11,-16.981
-15.273,-15.313
-19.004,-18.527
-16.057,-15.945
-17.056,-17.065
-18.375,-17.694
-17.6,-17.953
-17.202,-16.973
-15.492,-15.415
-17.558,-17.071
-15.615,-15.867
-15.323,-15.396
-17.559,-16.791
-16.179,-15.863
-18.925,-18.802
-14.695,-14.771
-15.609,-15.281
-16.244,-16.25
-17.268,-16.479
-17.883,-16.671
-15.174,-15.469
-16.708,-16.981
-15.638,-16.297
-15.758,-16.134
-16.208,-16.556
-16.423,-17.462
-16.243,-16.336
-17.229,-17.543
-15.15,-14.701
-17.525,-17.627
-16.867,-16.451
-15.472,-15.414
-16.767,-16.805
-17.98,-16.791
-16.672,-16.434
-15.786,-15.597
-16.443,-16.683
-17.812,-17.201
-16.19,-16.503
-17.121,-16.987
-15.542,-15.388
-15.972,-15.487
-17.355,-17.172
-14.567,-14.928
-16.024,-15.323
-15.493,-15.253
-17.058,-16.652
-16.472,-16.229
-15.34,-15.328
-16.137,-16.152
-17.426,-16.55
-15.152,-15.955
-15.962,-16.438
-17.225,-16.27
-15.54,-15.463
-16.265,-16.042
-14.383,-15.046
-15.033,-15.186
-16.164,-16.214
-15.356,-16.946
-15.436,-16.903
-16.418,-16.485
-16.274,-17.065
-16.93,-16.905
-15.232,-15.533
-15.999,-16.173
-15.023,-14.598
-15.494,-14.399
-16.983,-16.416
-16.01,-15.972
-17.073,-16.886
-16.222,-15.825
-16.852,-17.752
-15.783,-15.778
-15.714,-16.221
-16.729,-15.201
-16.869,-16.17
-17.507,-16.998
-16.181,-16.904
-16.578,-16.625
-18.214,-18.44
-14.086,-14.264
-16.643,-16.755
-15.332,-15.384
-17.021,-17.149
-16.415,-16.53
-15.936,-15.615
-16.597,-16.585
-15.107,-15.547
-16.462,-16.521
-15.761,-16.268
-16.527,-17.615
-16.62,-15.722
-15.002,-15.389
-15.724,-16.108
-16.246,-15.833
-15.24,-14.244
-16.256,-15.803
-18.255,-18.379
-17.417,-17.37
-15.76,-15.537
-17.703,-17.387
-16.791,-17.775
-16.897,-16.681
-16.871,-16.362
-16.329,-16.592
-16.412,-16.388
-15.471,-15.871
-17.742,-17.474
-16.288,-16.277
-17.056,-17.697
-17.155,-16.921
-16.466,-16.256
-17.517,-17.229
-16.991,-16.2
-17.612,-17.297
-14.774,-13.946
-15.882,-15.624
-16.059,-16.37
-16.616,-16.416
-14.671,-14.875
-15.962,-15.754
-15.885,-15.764
-17.135,-18.305
-16.931,-16.755
-15.148,-14.92
-15.18,-15.023
-17.295,-17.452
-16.282,-16.366
-16.24,-16.884
-16.635,-16.661
-15.727,-15.309
-17.878,-18.167
-15.503,-15.867
-17.901,-17.583
-16.431,-16.072
-15.226,-14.946
-16.603,-16.202
-19.159,-19.741
-14.136,-14.373
-15.392,-15.888
-15.384,-15.446
-15.191,-15.294
-16.439,-17.696
-18.621,-17.579
-17.979,-16.32
-18.864,-18.911
-16.818,-17.399
-15.663,-16.396
-17.321,-17.385
-15.533,-15.877
-16.954,-18.863
-15.975,-15.428
-16.911,-17.407
-16.743,-18.081
-17.45,-17.362
-17.628,-18.097
-18.415,-18.705
-16.348,-16.198
-16.229,-15.62
-16.65,-16.363
-15.757,-17.177
-16.539,-16.419
-13.986,-13.813
-14.223,-14.719
-15.45,-15.311
-17.104,-17.104
-16.202,-16.406
-15.745,-14.93
-16.443,-16.292
-16.257,-15.908
-15.21,-14.93
-16.688,-16.376
-17.889,-18.54
-17.076,-16.309
-17.573,-17.506
-15.883,-16.037
-17.069,-16.864
-16.111,-16.605
-14.829,-15.042
-16.662,-16.845
-16.266,-15.838
-16.154,-16.259
-15.518,-15.282
-17.712,-17.814
-16.133,-16.03
-16.455,-16.473
-14.167,-14.197
-16.015,-16.369
-16.686,-16.918
-15.995,-16.001
-15.111,-14.634
-14.292,-14.393
-16.796,-17.807
-17.251,-16.182
-16.227,-15.81
-16.499,-15.56
-15.916,-15.546
-16.093,-16.144
-17.513,-16.629
-16.328,-15.472
-18.401,-18.893
-16.541,-16.642
-16.018,-15.986
-15.939,-15.424
-15.787,-15.432
-16.758,-15.64
-15.448,-15.351
-15.128,-15.574
-15.806,-16.189
-16.769,-17.073
-15.951,-16.431
-17.781,-17.232
-18.252,-18.664
-14.837,-14.824
-17.884,-18.089
-17.951,-17.768
-16.261,-16.232
-17.347,-16.433
-16.593,-17.294
-15.831,-15.381
-18.835,-19.913
-15.434,-17.264
-15.474,-14.986
-16.49,-16.408
-17.024,-17.173
-14.562,-14.709
-18.761,-17.903
-15.703,-16.255
-16.522,-16.407
-16.69,-16.584
-17.469,-17.752
-17.115,-17.277
-16.255,-16.301
-15.721,-16.064
-17.249,-16.751
-16.82,-16.6
-16.557,-16.163
-15.602,-16.074
-16.54,-17.866
-15.886,-16.39
-18.018,-18.224
-16.75,-16.605
-15.647,-17.08
-17.128,-16.568
-15.28,-15.116
-15.879,-16.448
-17.366,-16.939
-15.784,-16.086
-15.877,-16.487
-16.105,-16.198
-15.08,-14.907
-16.29,-17.318
-15.747,-14.829
-14.892,-14.993
-17.611,-17.722
-17.462,-17.361
-14.986,-14.2
-17.17,-16.824
-16.732,-15.829
-16.485,-16.624
-17.537,-17.637
-15.718,-15.743
-16.815,-16.728
-17.265,-17.546
-15.172,-15.147
-18.363,-18.686
-14.567,-15.004
-14.536,-14.629
-17.936,-17.987
-16.113,-16.367
-15.018,-15.554
-18.366,-18.028
-16.221,-14.773
-17.15,-15.571
-15.752,-15.851
-14.397,-14.406
-16.84,-16.918
-16.366,-16.782
-16.186,-15.9
-14.966,-14.74
-15.765,-15.678
-16.913,-16.151
-14.744,-14.722
-15.478,-15.349
-17.856,-18.208
-16.73,-17.326
-15.326,-16.003
-15.591,-15.28
-16.861,-16.915
-16.103,-17.521
-16.435,-16.626
-17.146,-17.204
-16.461,-16.886
-16.313,-15.976
-15.044,-14.941
-17.163,-17.676
-16.587,-17.641
-14.744,-14.595
-17.009,-16.745
-17.039,-16.807
-14.323,-14.948
-16.597,-15.656
-16.314,-17.144
-16.762,-17.479
-17.379,-17.506
-14.631,-14.854
-16.568,-17.534
-16.214,-15.719
-16.377,-15.997
-16.003,-15.956
-15.6,-15.066
-16.971,-18.472
-16.695,-17.096
-14.618,-14.94
-14.969,-16.511
-17.22,-16.561
-16.461,-15.186
-15.931,-16.259
-15.211,-16.68
-16.626,-17.142
-15.609,-15.568
-15.159,-15.731
-16.5,-17.049
-16.15,-15.709
-13.894,-14.611
-17.061,-16.345
-16.373,-17.072
-16.934,-16.697
-16.228,-15.776
-17.1,-16.57
-15.936,-16.412
-15.482,-15.562
-15.352,-15.317
-14.824,-15.203
-19.416,-19.262
-16.662,-16.765
-15.919,-16.389
-17.336,-16.636
-16.432,-16.843
-16.82,-16.644
-16.892,-16.974
-16.333,-16.435
-14.553,-14.429
-16.745,-16.524
-15.757,-16.723
-15.982,-15.376
-15.851,-15.925
-17.559,-17.17
-18.86,-17.778
-16.061,-16.308
-17.38,-17.281
-15.002,-15.449
-16.856,-17.051
-15.063,-15.16
-17.417,-18.084
-16.12,-15.647
-16.21,-17.491
-16.679,-16.747
-14.017,-14.202
-16.38,-15.749
-18.31,-18.009
-16.984,-17.302
-14.04,-14.085
-18.885,-19.013
-20.1,-19.733
-15.119,-15.235
-16.833,-17.008
-15.596,-16.436
-17.489,-17.602
-14.579,-14.647
-18.126,-17.779
-19.689,-17.731
-15.153,-15.212
-16.385,-16.347
-16.184,-15.839
-16.274,-16.304
-17.965,-17.741
-15.481,-15.267
-14.285,-14.576
-16.266,-15.937
-15.716,-15.905
-16.565,-16.386
-16.547,-16.303
-16.436,-16.73
-17.652,-16.83
-16.059,-16.245
-16.347,-17.125
-15.809,-15.128
-16.123,-15.757
-16.716,-16.61
-18.23,-18.76
-16.75,-15.97
-18.05,-18.709
-14.141,-14.3
-16.106,-15.839
-14.596,-14.21
-17.66,-17.971
-17.461,-16.953
-16.51,-17.202
-16.64,-16.88
-17.363,-18.312
-16.401,-16.248
-18.1,-18.686
-19.978,-19.856
-17.355,-17.547
-15.635,-15.168
-17.177,-16.395
-17.839,-17.223
-18.906,-19.583
-14.617,-14.986
-16.113,-15.585
-17.034,-17.905
-16.203,-15.868
-16.078,-15.937
-14.003,-14.221
-16.136,-16.186
-17.644,-17.395
-16.067,-16.171
-16.413,-16.179
-17.012,-16.625
-14.97,-14.797
-16.691,-17.391
-16.824,-16.245
-18.177,-18.284
-19.043,-19.059
-17.392,-16.574
-14.707,-15.097
-15.59,-16.528
-15.994,-16.446
-18.11,-17.896
-16.619,-16.067
-16.603,-16.582
-16.625,-17.116
-17.652,-17.944
-18.712,-18.066
-15.614,-16.291
-19.05,-18.589
-18.768,-19.328
-15.918,-16.499
-18.305,-18.833
-17.187,-17.287
-17.704,-17.453
-15.544,-15.713
-15.859,-15.832
-15.378,-15.573
-17.717,-18.626
-16.385,-15.392
-15.573,-15.903
-17.56,-16.835
-16.673,-17.208
-16.898,-17.931
-16.845,-17.216
-16.333,-15.757
-16.779,-16.328
-18.482,-18.451
-17.622,-17.277
-15.71,-15.61
-17.668,-17.738
-16.815,-16.913
-17.174,-16.031
-16.478,-16.418
-16.33,-16.106
-15.155,-14.94
-16.178,-16.29
-17.924,-17.674
-17.278,-16.946
-16.65,-16.393
-15.4,-15.348
-16.013,-15.709
-16.369,-16.906
-17.238,-17.096
-16.4,-16.212
-16.1,-16.496
-18.08,-19.073
-17.594,-17.63
-17.035,-16.189
-16.832,-16.379
-17.119,-16.434
-16.097,-16.407
-16.248,-16.486
-15.867,-15.959
-16.996,-17.142
-15.605,-15.813
-16.404,-16.089
-18.749,-18.532
-15.515,-16.118
-16.553,-16.511
-15.346,-14.564
-16.118,-16.183
-16.013,-17.288
-17.001,-16.778
-16.968,-17.708
-16.365,-16.227
-15.576,-14.974
-16.899,-16.702
-16.811,-16.658
-18.354,-16.817
-16.852,-16.164
-15.726,-15.94
-16.646,-16.933
-14.286,-14.178
-16.244,-16.094
-17.627,-17.499
-16.989,-16.777
-16.207,-15.938
-17.564,-17.057
-16.8,-17.049
-14.473,-14.462
-17.657,-16.667
-17.973,-18.133
-17.678,-18.017
-14.561,-14.486
-17.956,-18.44
-16.476,-16.818
-16.673,-17.03
-15.618,-16.204
-16.556,-15.985
-16.597,-15.902
-14.036,-14.001
-16.574,-15.626
-14.966,-15.334
-15.767,-15.871
-15.935,-16.2
-16.94,-17.05
-16.969,-16.991
-15.304,-15.457
-16.685,-16.464
-16.47,-16.721
-16.343,-16.178
-18.19,-17.021
-16.162,-15.348
-15.035,-15.014
-16.081,-16.181
-17.735,-17.731
-15.001,-15.9
-15.491,-15.713
-14.953,-15.207
-16.808,-16.946
-16.977,-16.097
-16.879,-17.304
-17.87,-17.241
-15.876,-15.614
-17.914,-17.47
-16.225,-16.054
-15.797,-16.108
-16.322,-16.006
-15.493,-15.178
-17.194,-17.056
-17.663,-17.109
-17.054,-17.814
-16.777,-18.375
-14.903,-15.378
-14.565,-14.914
-16.995,-17.273
-18.672,-19.059
-16.727,-17.106
-13.901,-13.777
-16.627,-16.929
-17.444,-18.351
-16.096,-16.181
-15.279,-16.131
-17.387,-16.912
-18.099,-16.101
-18.011,-17.434
-15.77,-15.622
-16.446,-17.925
-16.753,-17.39
-16.866,-16.846
-15.409,-15.185
-16.98,-16.979
-15.954,-15.93
-15.52,-15.204
-16.824,-15.689
-16.401,-15.845
-18.187,-18.14
-15.091,-16.148
-17.069,-16.051
-16.607,-17.199
-15.485,-15.596
-14.503,-14.327
-17.879,-17.432
-18.497,-18.752
-16.219,-15.719
-16.909,-17.295
-15.607,-17.396
-15.819,-15.81
-16.261,-15.915
-16.843,-17.563
-17.229,-17.202
-17.017,-17.027
-16.476,-15.886
-16.758,-15.273
-16.864,-17.157
-17.63,-17.499
-17.703,-16.079
-16.4,-16.707
-14.619,-14.719
-15.54,-16.199
-16.758,-16.646
-16.206,-15.827
-15.166,-15.164
-15.7,-15.702
-16.529,-17.103
-15.322,-16.989
-19.421,-19.142
-15.794,-15.903
-17.689,-17.726
-16.644,-16.515
-18.648,-18.715
-16.457,-16.336
-16.036,-15.773
-16.27,-15.946
-18.048,-17.934
-15.128,-14.842
-17.612,-16.71
-15.941,-16.019
-16.565,-16.354
-15.705,-15.78
-16.447,-16.091
-15.525,-16.056
-17.185,-17.408
-14.891,-16.479
-15.817,-15.496
-17.197,-17.352
-15.813,-15.321
-16.008,-16.002
-16.502,-16.188
-16.289,-16.292
-17.866,-17.655
-15.853,-15.514
-15.471,-15.445
-14.923,-14.718
-16.314,-16.177
-16.808,-16.762
-16.374,-16.282
-17.846,-18.028
-15.356,-15.61
-15.967,-15.928
-15.455,-15.685
-16.714,-16.324
-18.953,-18.93
-15.716,-15.321
-16.06,-15.916
-18.198,-18.896
-17.622,-17.202
-16.265,-16.634
-16.118,-15.559
-17.539,-17.051
-15.373,-15.592
-18.072,-19.116
-18.567,-17.397
-17.651,-16.613
-16.625,-16.439
-16.097,-17.141
-15.918,-15.937
-14.937,-14.928
-16.847,-16.314
-16.679,-16.112
-18.565,-18.926
-15.566,-15.947
-16.375,-16.42
-17.467,-17.471
-16.385,-16.221
-17.397,-17.398
-16.059,-16.261
-14.216,-14.252
-14.433,-14.377
-15.407,-14.755
-16.723,-16.721
-18.754,-17.884
-16.678,-16.423
-16.664,-15.536
-14.761,-14.581
-16.723,-15.28
-15.853,-15.529
-16.178,-16.654
-15.827,-15.822
-16.379,-16.212
-15.632,-15.918
-14.925,-14.974
-16.637,-17.569
-15.664,-15.634
-16.736,-17.29
-15.525,-15.648
-17.523,-16.657
-15.463,-15.288
-15.871,-15.654
-16.644,-16.619
-17.122,-15.907
-20.656,-20.748
-17.684,-16.449
-16.542,-15.864
-16.028,-16.116
-15.543,-16.274
-15.547,-16.386
-18.941,-18.592
-18.512,-18.097
-16.485,-16.592
-16.753,-16.205
-16.369,-15.948
-14.191,-14.483
-17.652,-17.627
-17.309,-16.822
-15.38,-14.765
-16.469,-17.145
-15.663,-16.023
-18.068,-16.974
-15.836,-15.703
-16.905,-16.673
-14.366,-14.923
-17.654,-17.839
-15.986,-15.781
-15.91,-15.996
-18.895,-19.257
-15.769,-16.44
-18.676,-19.022
-16.7,-16.827
-17.747,-17.224
-14.552,-14.234
-17.126,-17.097
-18.605,-18.81
-16.383,-16.964
-15.245,-14.887
-15.63,-15.67
-16.539,-16.713
-16.555,-16.224
-16.334,-16.094
-17.172,-17.701
-15.922,-16.326
-15.614,-15.818
-18.435,-17.962
-15.852,-16.218
-17.697,-17.402
-17.807,-17.362
-14.878,-16.775
-17.172,-16.833
-16.594,-16.308
-14.016,-13.869
-15.399,-14.974
-18.124,-17.477
-15.335,-15.68
-15.949,-16.276
-16.55,-17.011
-15.477,-15.385
-14.82,-14.709
-15.801,-15.398
-16.297,-16.661
-17.511,-17.218
-14.869,-14.974
-14.689,-14.768
-16.069,-16.017
-17.64,-17.47
-15.908,-16.734
-16.531,-16.291
-16.52,-16.273
-15.422,-15.591
-15.547,-16.117
-17.212,-17.59
-16.942,-16.795
-17.086,-17.957
-16.875,-16.101
-15.435,-15.801
-16.638,-16.198
-16.457,-16.204
-16.281,-15.671
-15.982,-16.098
-15.663,-16.876
-18.219,-17.947
-17.294,-16.991
-16.188,-15.843
-15.21,-15.114
-18.707,-17.917
-15.465,-16.037
-17.637,-16.979
-15.023,-16.517
-16.522,-17.118
-14.28,-14.25
-16.09,-15.709
-16.223,-16.506
-16.994,-17.296
-15.391,-15.836
-17.009,-17.852
-15.891,-16.241
-16.629,-16.512
-16.177,-16.495
-15.22,-15.648
-15.443,-16.155
-15.625,-15.935
-17.022,-17.158
-14.22,-14.068
-17.391,-17.177
-16.158,-17.041
-16.825,-16.554
-16.16,-16.901
-15.989,-15.919
-17.755,-17.579
-14.962,-14.475
-16.135,-15.957
-15.49,-16.258
-14.847,-15.225
-16.848,-17.72
-17.156,-17.673
-17.151,-17.206
-16.864,-16.18
-15.506,-15.39
-17.37,-17.386
-15.832,-16.233
-17.71,-16.945
-15.834,-15.806
-17.171,-15.382
-15.171,-15.702
-15.174,-15.662
-18.411,-18.141
-16.759,-16.576
-18.227,-18.077
-14.706,-15.649
-16.156,-16.437
-16.447,-16.439
-15.865,-16.127
-15.946,-15.911
-15.241,-16.576
-15.068,-15.702
-16.934,-15.575
-15.065,-15.181
-15.258,-15.915
-15.924,-15.872
-15.589,-15.8
-14.441,-14.611
-16.349,-15.989
-14.231,-14.395
-16.207,-16.871
-17.414,-17.719
-17.797,-17.94
-14.024,-14.05
-15.851,-16.035
-16.769,-16.309
-16.603,-16.059
-17.931,-18.014
-16.12,-16.353
-16.65,-17.601
-16.56,-16.138
-16.352,-15.252
-16.29,-17.017
-15.158,-15.028
-18.757,-19.268
-16.649,-16.089
-16.691,-16.585
-15.688,-15.664
-16.442,-17.426
-16.229,-16.075
-14.93,-15.559
-16.755,-17.82
-15.295,-15.939
-16.928,-16.18
-15.081,-14.836
-15.195,-14.488
-14.335,-14.158
-16.454,-16.171
-15.985,-16.243
-16.747,-17.054
-15.556,-14.873
-17.027,-16.733
-16.482,-16.364
-17.458,-16.262
-17.066,-17.033
-17.697,-16.67
-17.202,-15.705
-17.969,-17.811
-16.535,-17.048
-15.004,-15.159
-17.092,-17.141
-16.879,-16.899
-16.245,-16.947
-17.748,-18.983
-16.893,-17.32
-16.132,-16.724
-17.443,-17.66
-16.151,-15.464
-18.18,-18.875
-18.406,-18.2
-15.128,-16.53
-17.588,-16.895
-17.133,-16.618
-16.294,-16.149
-16.98,-17.257
-16.364,-16.297
-16.3,-16.327
-18.032,-17.358
-16.507,-14.977
-16.21,-16.179
-16.997,-16.563
-14.327,-14.383
-15.485,-15.363
-16.725,-17.083
-15.864,-17.71
-16.474,-16.939
-18.149,-17.612
-15.934,-16.196
-15.934,-15.914
-18.118,-17.969
-16.429,-16.726
-15.587,-15.307
-17.81,-17.215
-16.129,-16.306
-16.53,-16.387
-17.791,-17.415
-16.418,-16.73
-15.571,-15.429
-16.148,-16.48
-17.228,-16.403
-16.181,-16.456
-16.153,-15.901
-15.498,-15.68
-17.084,-16.552
-15.928,-16.826
-16.265,-16.383
-16.009,-16.064
-15.252,-15.41
-16.887,-16.735
-17.05,-17.101
-17.601,-16.17
-16.093,-15.82
-16.5,-16.732
-18.502,-16.945
-15.513,-15.4
-17.773,-17.7
-15.336,-15.448
-17,-17.418
-17.39,-17
-15.011,-15.28
-16.413,-16.694
-16.766,-16.462
-15.699,-15.423
-17.367,-17.846
-17.775,-18.861
-15.37,-15.023
-15.117,-14.878
-15.977,-16.542
-14.311,-14.378
-15.808,-16.513
-15.416,-15.38
-17.247,-16.277
-17.733,-17.452
-15.323,-15.711
-16.141,-16.024
-15.733,-15.593
-15.725,-15.969
-15.111,-15.098
-16.861,-16.954
-17.849,-16.422
-18.209,-18.659
-15.822,-15.753
-16.586,-16.105
-16.544,-18.154
-15.237,-15.035
-16.873,-16.87
-16.168,-16.305
-17.08,-17.024
-17.134,-16.851
-17.47,-18.433
-16.099,-16.176
-14.943,-14.96
-16.721,-16.722
-15.974,-16.165
-17.095,-16.386
-16.531,-15.284
-18.625,-18.615
-14.528,-14.567
-17.654,-17.927
-18.166,-18.313
-15.95,-15.337
-16.421,-16.178
-15.652,-16.195
-15.306,-15.737
-15.348,-15.741
-16.563,-16.412
-17.079,-16.045
-14.879,-14.936
-17.886,-16.506
-16.551,-15.856
-15.232,-14.879
-16.037,-16.186
-16.765,-17.336
-14.53,-15.065
-16.077,-15.621
-18.87,-18.187
-16.538,-15.715
-16.331,-15.859
-16.615,-17.06
-15.277,-15.969
-15.428,-15.276
-17.43,-17.586
-15.014,-14.579
-17.178,-16.351
-17.905,-17.301
-18.822,-17.886
-15.854,-16.196
-15.517,-16.019
-14.932,-14.781
-16.138,-15.957
-15.548,-15.113
-17.863,-17.796
-16.444,-16.115
-15.819,-15.31
-15.773,-16.561
-19.533,-19.718
-16.729,-16.028
-16.387,-15.999
-16.223,-15.317
-18.527,-18.489
-16.972,-16.254
-15.422,-15.261
-17.22,-17.725
-16.137,-15.905
-16.128,-15.967
-18.297,-18.134
-16.334,-15.141
-15.411,-15.374
-13.953,-14.085
-16.175,-15.754
-18.864,-18.568
-15.877,-14.391
-15.82,-15.802
-16.556,-16.552
-17.934,-17.444
-17.423,-17.625
-15.691,-15.51
-16.208,-15.685
-16.587,-15.306
-18.433,-18.041
-16.069,-15.857
-15.693,-15.481
-18.236,-17.658
-13.903,-13.852
-14.49,-13.957
-16.761,-15.49
-17.15,-17.695
-18.097,-17.462
-15.81,-15.771
-16.803,-16.291
-14.794,-15.142
-16.697,-17.052
-16.629,-17.696
-16.165,-17.334
-16.622,-17.491
-16.189,-16.005
-14.693,-14.795
-16.653,-16.963
-14.533,-14.75
-16.012,-18.592
-17.847,-16.556
-15.219,-15.408
-15.162,-15.865
-17.257,-17.672
-16.289,-16.117
-16.06,-16.314
-16.534,-17.311
-16.359,-16.633
-15.458,-15.882
-15.853,-15.555
-17.493,-17.53
-14.815,-14.902
-17.172,-19.174
-16.155,-16.66
-17.073,-16.38
-17.098,-16.947
-18.185,-17.756
-16.37,-16.288
-16.556,-15.567
-18.38,-19.332
-14.931,-14.527
-14.777,-15.67
-16.854,-19.057
-16.799,-16.773
-16.224,-16.398
-16.002,-16.46
-16.164,-16.163
-16.286,-16.356
-18.435,-18.625
-16.715,-16.984
-17.232,-17.645
-16.222,-16.351
-16.708,-17.035
-18.51,-18.055
-15.25,-15.975
-16.146,-16.306
-16.566,-16.129
-16.427,-16.86
-17.281,-17.255
-16.859,-16.888
-14.352,-14.163
-18.41,-18.177
-16.324,-15.584
-17.776,-16.627
-15.527,-15.632
-16.502,-15.85
-15.604,-16.104
-14.465,-14.303
-16.369,-15.78
-16.135,-16.823
-15.265,-15.995
-17.775,-16.339
-18.803,-19.77
-16.397,-15.873
-17.26,-17.134
-15.71,-15.697
-15.776,-15.774
-16.541,-16.217
-16.113,-16.655
-15.793,-15.739
-15.453,-15.766
-18.833,-18.525
-16.199,-16.732
-18.616,-19.096
-15.656,-16.127
-17.008,-16.998
-16.312,-16.529
-15.241,-15.213
-14.916,-15.468
-16.01,-15.747
-15.357,-15.253
-18.479,-18.619
-17.517,-16.441
-15.357,-15.696
-16.23,-16.414
-16.723,-16.109
-15.781,-16.189
-16.18,-16.315
-14.373,-14.377
